column_id,table_name,column_name,semantic_type
1409481,"""area""",name_of_area,Name
4788388,customer_address,ca_street_name,FullText
4782481,supplier,s_comment,FullText
4782460,part,p_mfgr,Identifier
4782479,supplier,s_phone,Contact
4782422,customer,c_name,Identifier
4782473,region,r_name,Category
4782446,nation,n_name,Name
4782443,lineitem,l_shipmode,Category
4782476,supplier,s_name,Identifier
4782438,lineitem,l_linestatus,Boolean
4782442,lineitem,l_shipinstruct,Category
4782427,customer,c_mktsegment,Category
4782461,part,p_brand,Identifier
4782451,orders,o_orderstatus,Category
4782425,customer,c_phone,Contact
4782457,orders,o_comment,FullText
4782464,part,p_container,Category
4782459,part,p_name,FullText
4782428,customer,c_comment,FullText
4782477,supplier,s_address,Semistructured
4782437,lineitem,l_returnflag,Category
4782423,customer,c_address,Location
4782454,orders,o_orderpriority,Category
4782462,part,p_type,Category
968333,item,i_color,Category
968408,customer,c_first_name,Name
968215,time_dim,t_meal_time,Category
968365,date_dim,d_quarter_name,DateTime
968292,ship_mode,sm_carrier,Name
968305,promotion,p_channel_dmail,Boolean
968201,warehouse,w_county,Location
968279,store,s_street_type,Category
968282,store,s_county,Location
968379,customer_demographics,cd_gender,Category
968202,warehouse,w_state,Location
968108,web_site,web_company_name,FullText
968278,store,s_street_name,Location
968337,item,i_product_name,Test
968390,customer_address,ca_street_name,Location
968480,catalog_page,cp_catalog_page_id,Identifier
968489,call_center,cc_call_center_id,Identifier
968280,store,s_suite_number,Identifier
968283,store,s_state,Location
968320,item,i_item_desc,FullText
968306,promotion,p_channel_email,Boolean
968200,warehouse,w_city,Location
968204,warehouse,w_country,Location
968347,household_demographics,hd_buy_potential,Category
968290,ship_mode,sm_type,Category
968381,customer_demographics,cd_education_status,Category
968399,customer_address,ca_location_type,Category
968394,customer_address,ca_county,Location
968324,item,i_brand,Category
968095,web_site,web_site_id,Identifier
968284,store,s_zip,Location
968409,customer,c_last_name,Name
968397,customer_address,ca_country,Location
968277,store,s_street_number,Numeric
968276,store,s_company_name,Name
968308,promotion,p_channel_tv,Boolean
968281,store,s_city,Location
968396,customer_address,ca_zip,Location
968395,customer_address,ca_state,Location
968410,customer,c_preferred_cust_flag,Boolean
968264,store,s_store_name,Name
968389,customer_address,ca_street_number,Numeric
968391,customer_address,ca_street_type,Category
968499,call_center,cc_manager,Name
968311,promotion,p_channel_event,Test
968364,date_dim,d_day_name,DateTime
968407,customer,c_salutation,Category
968392,customer_address,ca_suite_number,Identifier
968317,item,i_item_id,Identifier
968328,item,i_category,Category
968331,item,i_size,Category
968194,warehouse,w_warehouse_name,FullText
968513,call_center,cc_county,Location
968326,item,i_class,Category
968383,customer_demographics,cd_credit_rating,Category
968260,store,s_store_id,Identifier
968416,customer,c_email_address,Contact
968330,item,i_manufact,Name
968380,customer_demographics,cd_marital_status,Category
968098,web_site,web_name,Name
968494,call_center,cc_name,Name
968334,item,i_units,Category
968393,customer_address,ca_city,Location
968401,customer,c_customer_id,Identifier
968414,customer,c_birth_country,Location
968296,reason,r_reason_desc,FullText
4782498,users,Location,Location
4782491,votetypes,Name,Name
4782547,posthistory,UserDisplayName,Name
4782557,tags,TagName,Name
4782526,posts,Tags,Semistructured
4782518,posts,Body,FullText
4782497,users,WebsiteUrl,URL
4782485,linktypes,Name,Name
4782548,posthistory,Comment,FullText
4782520,posts,OwnerDisplayName,Name
4782489,closereasontypes,Name,Name
4782483,posthistorytypes,Name,Name
4782522,posts,LastEditorDisplayName,Name
4782549,posthistory,Text,FullText
4782525,posts,Title,Name
4782532,posts,ContentLicense,Category
4782544,posthistory,RevisionGUID,Identifier
4782550,posthistory,ContentLicense,Category
4782499,users,AboutMe,FullText
4782540,comments,ContentLicense,Category
4782536,comments,Text,FullText
4782495,users,DisplayName,Name
4782538,comments,UserDisplayName,Name
4782507,badges,Name,Category
4782487,posttypes,Name,Category
4782627,supplier,s_phone,Contact
4782614,part,p_comment,FullText
4782625,supplier,s_address,Semistructured
4782592,lineitem,l_comment,FullText
4782570,customer,c_name,Identifier
4782576,customer,c_comment,FullText
4782612,part,p_container,Category
4782596,nation,n_comment,FullText
4782571,customer,c_address,Identifier
4782621,region,r_name,Category
4782607,part,p_name,FullText
4782603,orders,o_clerk,Identifier
4782585,lineitem,l_returnflag,Category
4782629,supplier,s_comment,FullText
4782605,orders,o_comment,FullText
4782575,customer,c_mktsegment,Category
4782586,lineitem,l_linestatus,Boolean
4782594,nation,n_name,Name
4782590,lineitem,l_shipinstruct,Category
4782573,customer,c_phone,Contact
4782591,lineitem,l_shipmode,Category
4782599,orders,o_orderstatus,Category
4782608,part,p_mfgr,Category
4782602,orders,o_orderpriority,Category
4782624,supplier,s_name,Identifier
4782610,part,p_type,Category
4782609,part,p_brand,Category
4782619,partsupp,ps_comment,FullText
4782622,region,r_comment,FullText
968850,item,i_item_id,Identifier
968866,item,i_color,Category
968828,reason,r_reason_id,Identifier
968934,customer,c_customer_id,Identifier
968947,customer,c_birth_country,Location
968923,customer_address,ca_street_name,FullText
968863,item,i_manufact,Semistructured
968865,item,i_formulation,Identifier
968949,customer,c_email_address,Email
968829,reason,r_reason_desc,FullText
968932,customer_address,ca_location_type,Category
968857,item,i_brand,Name
968921,customer_address,ca_address_id,Identifier
969019,catalog_page,cp_description,FullText
968824,ship_mode,sm_code,Category
969045,call_center,cc_city,Location
968823,ship_mode,sm_type,Category
968730,warehouse,w_street_name,Location
968648,web_site,web_state,Category
968899,date_dim,d_holiday,Boolean
968906,date_dim,d_current_day,Boolean
968880,household_demographics,hd_buy_potential,Category
968712,web_page,wp_web_page_id,Identifier
968801,store,s_manager,Name
968818,store,s_country,Location
968914,customer_demographics,cd_education_status,Category
968940,customer,c_salutation,Name
968816,store,s_state,Location
968807,store,s_division_name,Category
968735,warehouse,w_state,Location
968908,date_dim,d_current_month,Boolean
968720,web_page,wp_type,Category
969013,catalog_page,cp_catalog_page_id,Identifier
968929,customer_address,ca_zip,Location
968928,customer_address,ca_state,Location
968717,web_page,wp_autogen_flag,Boolean
968900,date_dim,d_weekend,Boolean
968793,store,s_store_id,Identifier
968870,item,i_product_name,FullText
968926,customer_address,ca_city,Location
968628,web_site,web_site_id,Identifier
968797,store,s_store_name,FullText
968634,web_site,web_class,Test
968729,warehouse,w_street_number,Numeric
968897,date_dim,d_day_name,DateTime
968861,item,i_category,Category
968864,item,i_size,Category
968941,customer,c_first_name,Name
968853,item,i_item_desc,FullText
968817,store,s_zip,Location
968839,promotion,p_channel_email,Boolean
969038,call_center,cc_division_name,Category
968727,warehouse,w_warehouse_name,Name
968942,customer,c_last_name,Name
968924,customer_address,ca_street_type,Category
968837,promotion,p_promo_name,Name
968913,customer_demographics,cd_marital_status,Category
968825,ship_mode,sm_carrier,Category
968731,warehouse,w_street_type,Category
968848,promotion,p_discount_active,Boolean
968927,customer_address,ca_county,Location
968859,item,i_class,Category
968804,store,s_market_desc,FullText
969016,catalog_page,cp_department,Category
969020,catalog_page,cp_type,Category
968641,web_site,web_company_name,Name
968822,ship_mode,sm_ship_mode_id,Identifier
968733,warehouse,w_city,Location
968814,store,s_city,Location
968884,date_dim,d_date_id,Identifier
969036,call_center,cc_market_manager,Name
968812,store,s_street_type,Category
968930,customer_address,ca_country,Location
969022,call_center,cc_call_center_id,Identifier
969027,call_center,cc_name,Name
968631,web_site,web_name,Name
968910,date_dim,d_current_year,Boolean
968736,warehouse,w_zip,Location
968846,promotion,p_channel_details,FullText
968925,customer_address,ca_suite_number,Location
968838,promotion,p_channel_dmail,Boolean
968916,customer_demographics,cd_credit_rating,Category
968719,web_page,wp_url,URL
969047,call_center,cc_state,Location
968650,web_site,web_country,Location
969032,call_center,cc_manager,Name
968810,store,s_street_number,Numeric
968726,warehouse,w_warehouse_id,Identifier
968737,warehouse,w_country,Location
968646,web_site,web_city,Location
968922,customer_address,ca_street_number,Numeric
968831,promotion,p_promo_id,Identifier
968638,web_site,web_mkt_desc,FullText
968811,store,s_street_name,Location
968912,customer_demographics,cd_gender,Category
968943,customer,c_preferred_cust_flag,Boolean
968536,person_info,info,FullText
968562,movie_info,info,FullText
968617,aka_title,note,FullText
968575,keyword,phonetic_code,Identifier
968588,company_name,country_code,Identifier
968577,info_type,info,Category
968537,person_info,note,FullText
968572,kind_type,kind,Category
968613,aka_title,phonetic_code,Identifier
968539,name,name,Name
968563,movie_info,note,FullText
968540,name,imdb_index,Identifier
968610,aka_title,imdb_index,Identifier
968621,aka_name,name,Name
968570,link_type,link,Category
968568,movie_companies,note,FullText
968609,aka_title,title,Name
968587,company_name,name,Name
968623,aka_name,name_pcode_cf,Identifier
968597,char_name,name_pcode_nf,Identifier
968626,aka_name,md5sum,Identifier
968520,title,title,Name
968624,aka_name,name_pcode_nf,Identifier
968625,aka_name,surname_pcode,Identifier
968543,name,name_pcode_cf,Identifier
968542,name,gender,Category
968557,movie_info_idx,info,Numeric
968544,name,name_pcode_nf,Identifier
968585,company_type,kind,Category
968521,title,imdb_index,Category
968574,keyword,keyword,FullText
968594,char_name,name,Name
968590,company_name,name_pcode_nf,Identifier
968592,company_name,md5sum,Identifier
968591,company_name,name_pcode_sf,Identifier
968604,cast_info,note,FullText
968532,role_type,role,Category
968579,comp_cast_type,kind,Category
2516425,command,help,FullText
2516423,command,name,Name
2516339,account,sha_pass_hash,Identifier
2516338,account,username,Identifier
2519140,`customer`,first_name,Name
2519142,`customer`,email,Contact
2519141,`customer`,last_name,Name
2519974,user_,userid,Identifier
2520558,identifier,id,Identifier
2519978,user_,password_,Test
2520602,workflow_action_mappings,id,Identifier
2520605,workflow_action_mappings,scheme_or_content_type,Identifier
2520559,identifier,parent_path,Identifier
2521010,log_mapper,log_name,FullText
2520604,workflow_action_mappings,workflow_action,Identifier
2520603,workflow_action_mappings,action,Category
2520562,identifier,asset_type,Category
2520560,identifier,asset_name,Name
2519975,user_,companyid,Test
2519988,user_,emailaddress,Contact
2520004,user_,greeting,FullText
2519927,counter,name,Identifier
2521011,log_mapper,description,FullText
2520561,identifier,host_inode,Identifier
2520001,user_,skinid,Numeric
2522356,nhan_vien,email,Contact
2522322,`orders`,shipping_address,Location
2522320,`orders`,status,Category
2522384,dich_vu_di_kem,ten_dich_vu_di_kem,Name
2522335,`products`,description,FullText
2522362,loai_dich_vu,ten_loai_dich_vu,Name
2522340,suppliers,address,Location
2522303,customers,address,Location
2522321,`orders`,description,FullText
2522337,suppliers,name,Name
2522308,employees,last_name,Name
2522298,categories,description,FullText
2522339,suppliers,phone_number,Contact
2522300,customers,first_name,Name
2522348,nhan_vien,ho_ten,Name
2522302,customers,phone_number,Contact
2522307,employees,first_name,Name
2522364,dich_vu,ten_dich_vu,Category
2522353,nhan_vien,so_cmnd,Identifier
2522324,`orders`,payment_type,Category
2522297,categories,name,Name
2522323,`orders`,shipping_oty,Location
2522387,dich_vu_di_kem,trang_thai_kha_dung,Category
2522355,nhan_vien,sdt,Contact
2522357,nhan_vien,dia_chi,Location
2522328,`products`,name,Name
2522329,`products`,image_url,URL
2522338,suppliers,email,Contact
2522301,customers,last_name,Name
2522354,nhan_vien,luong,Numeric
2522304,customers,email,Contact
2523419,student,address,Location
2523420,student,phone,Contact
2523418,student,studentname,Name
2523414,class,classname,Category
2523424,subject,subname,Identifier
2524850,app,slug,URL
2524854,app,apikey,Identifier
2524720,invite,email,Contact
2524817,membergroup,slug,URL
2524782,eventsession,hashtag,FullText
2524819,membergroup,hashtag,FullText
2524851,app,description,FullText
2524780,eventsession,title,FullText
2524719,invite,token,Identifier
2524887,databaseversion,value,Identifier
2524816,membergroup,name,Name
2524824,member,email,Contact
2524849,app,name,Name
2524855,app,secret,Identifier
2524781,eventsession,description,FullText
2524818,membergroup,description,FullText
2525652,employee,gender,Category
2525650,employee,first_name,Name
2525651,employee,last_name,Name
2525653,employee,email,Contact
2525654,employee,password,Boolean
2525840,`users`,user_name,Name
2525809,`ticket_details`,color_yarn,Category
2525814,`ticket_details`,so_pil,Semistructured
2525815,`ticket_details`,item,FullText
2525784,tickets,description,FullText
2525820,`ticket_details`,qty,Numeric
2525813,`ticket_details`,so_line,Numeric
2525832,ticket_media,is_usable,Boolean
2525831,ticket_media,comment,FullText
2525786,tickets,forward_default,Category
2525743,`employees`,dept_name,Category
2525803,tickets,update_date,DateTime
2525748,`employees`,email,Contact
2525790,tickets,capa_user,Identifier
2525819,`ticket_details`,roll,Numeric
2525798,tickets,confirm,Boolean
2525818,`ticket_details`,lot,Numeric
2525829,ticket_media,media_file,URL
2525828,ticket_media,media_name,Identifier
2525841,`users`,password,Semistructured
2525782,tickets,type_ncr,Category
2525795,tickets,status,Category
2525741,`employees`,employee_name,Name
2525808,`ticket_details`,lot_yarn,Identifier
2525801,tickets,create_date,DateTime
2525810,`ticket_details`,type_yarn,Category
2525794,tickets,verification_user,Identifier
2525747,`employees`,address,Location
2525792,tickets,verification,FullText
2525785,tickets,send_to,Category
2525799,tickets,is_usable,Boolean
2525817,`ticket_details`,color,Category
2525835,ticket_media,update_user,Identifier
2525797,tickets,comment,FullText
2525793,tickets,verification_date,DateTime
2525745,`employees`,div_name,Category
2525812,`ticket_details`,so_sap,Identifier
2525833,ticket_media,create_user,Identifier
2525834,ticket_media,create_date,DateTime
2525789,tickets,preventive_action,FullText
2525811,`ticket_details`,supplier_yarn,Name
2525787,tickets,send_ncr,Category
2525816,`ticket_details`,process,Semistructured
2525788,tickets,corrective_action,FullText
2525749,`employees`,telephone,Test
2525807,`ticket_details`,item_ticket,Category
2525791,tickets,capa_date,DateTime
2525796,tickets,validation_date,DateTime
2525746,`employees`,position,Category
2525843,`users`,is_usable,Boolean
2525780,tickets,ticket_type,Category
2525899,pizzas,name,Name
2525900,pizzas,type,Category
2526262,literature,title,Name
2526260,publishers,name,Name
2526257,authors,name,Name
2526258,authors,surname,Name
2526337,history,date,DateTime
2526335,history,source,Location
2526332,history,username,Contact
2526308,admin,username,Contact
2526338,history,time,DateTime
2526336,history,dest,Location
2526334,history,flightname,Name
2526339,history,type,Category
2526309,admin,password,Semistructured
2526654,activities,activityname,Name
2527219,contract,description,FullText
2527221,contract,hunter_id,Identifier
2527222,contract,contractor_id,Identifier
2527858,users,username,Name
2527860,users,usertype,Category
2527859,users,password,FullText
2528176,register_user,email,Contact
2528154,customer,address,Location
2528152,customer,phonenumber,PhoneNumber
2528168,project,title,Name
2528156,employee,name,Name
2528174,register_user,username,Name
2528153,customer,email,Email
2528157,employee,phonenumber,PhoneNumber
2528151,customer,name,Name
2528158,employee,email,Email
2528160,employee,address,Location
2528324,users,password,Test
2528322,users,firstname,Name
2528323,users,username,Name
2528531,customers,address,Location
2528530,customers,last_name,Name
2528532,customers,billing_info,Category
2528550,customer,billing_info,Numeric
2528537,tickets,channel_purchase,FullText
2528548,customer,last_name,Name
2528547,customer,first_name,Name
2528542,movies,channel_purchase,Category
2528549,customer,address,Location
2528529,customers,first_name,Name
2528712,tickets,fid,Identifier
2528719,follows,date,DateTime
2528707,has,fid,Numeric
2528694,airport,a_name,Name
2528699,routes,source,Location
2528726,serve,eid,Numeric
2528703,passengers,name,Name
2528706,has,aid,Identifier
2528696,manager,username,Name
2528717,follows,fid,Identifier
2528722,employees,name,Name
2528713,flights,fid,Identifier
2528723,employees,address,Location
2528700,routes,destination,Location
2528697,manager,password,Semistructured
2528715,flights,rating,Numeric
2528718,follows,time,DateTime
2528705,passengers,fid,Identifier
2528709,tickets,rid,Identifier
2528721,employees,eid,Identifier
2528711,tickets,price,Numeric
2528710,tickets,pid,Identifier
2528724,employees,salary,Numeric
2528698,routes,rid,Identifier
2528720,follows,price,Numeric
2528714,flights,capacity,Numeric
2528704,passengers,address,Location
2528695,airport,a_add,Location
2528702,passengers,pid,Identifier
2528725,employees,aid,Identifier
2528708,tickets,tid,Identifier
2528716,follows,rid,Identifier
2528727,serve,pid,Identifier
2528693,airport,a_id,Identifier
2528701,routes,direct,Boolean
2528728,serve,rating,Numeric
2529721,equipes,couleur,Category
2529722,equipes,directeur,Name
2529724,coureurs,nom,Name
2529725,coureurs,equipe,Identifier
2529720,equipes,nom,Name
2529739,news,imagename,Identifier
2529729,users,email,Contact
2529728,users,name,Name
2529738,news,textnews,FullText
2529730,users,password,Identifier
2529736,news,newsheader,FullText
2529871,role,title,Category
2529869,departments,name,Category
2529875,employees,first_name,Name
2529876,employees,last_name,Name
2531669,avg_volume_marketcap,symbol,Name
2531646,user,pwd,Identifier
2531652,admin,jurisdiction,Category
2531645,user,name,Name
2531704,coin,symbol,Name
2531650,admin,position,Name
2531647,user,email,Contact
2531649,admin,name,Name
2531738,iptc,headline,FullText
2531737,iptc,copyrightnotice,FullText
2531741,exif,make,Name
2531733,picture,pic_path,URL
2531736,iptc,keywords,Category
2531731,picture,name,Identifier
2532092,users,name,Name
2532097,type_contents,name,Category
2532093,users,login,Identifier
2532114,comments,content,FullText
2532103,posts,title,Name
2532170,employee,address,Location
2532166,employee,minit,Name
2532163,nachbar,fk_bl1,Category
2532165,employee,fname,Name
2532167,employee,lname,Name
2532181,project,pname,Name
2532156,bundesland,kuerzel,Identifier
2532162,landeshauptstadt,fk_bundesland_kuerzel,Identifier
2532157,bundesland,name,Name
2532164,nachbar,fk_bl2,Identifier
2532175,department,dname,Category
2535728,groups,name,Name
2535730,users,login,Name
2536253,parties,name,Name
2536261,voters,first_name,Name
2536263,voters,email,Contact
2536262,voters,last_name,Name
2536254,parties,description,FullText
2536257,candidates,last_name,Name
2536256,candidates,first_name,Name
2536539,places,floor,Numeric
2536477,locations,name,Name
2536536,places,name,Name
2536376,breaks,name,Name
2536418,categories,id,Identifier
2536419,categories,name,Name
2536375,breaks,id,Identifier
2536422,taxcategories,id,Identifier
2536425,taxes,name,Name
2536426,taxes,category,Identifier
2536476,locations,id,Identifier
2536424,taxes,id,Identifier
2536386,people,id,Identifier
2536535,places,id,Identifier
2536423,taxcategories,name,Category
2536387,people,name,Category
2536642,tasks,task,FullText
2536628,quotes,author,Name
2536596,authors,firstname,Name
2536629,quotes,quote,FullText
2536597,authors,lastname,Name
2536640,wishes,wish,FullText
2536644,movies,movie,FullText
2536594,books,title,FullText
2536638,plans,plan,FullText
2536959,`usuario`,avatar,URL
2536958,`usuario`,password,Identifier
2536956,`usuario`,nick,Name
2536957,`usuario`,email,Contact
2536976,test_trans,b,Test
2537059,url_categories,title_ru,FullText
2537058,url_categories,title,Category
2537054,url_categories_unsensewords,keyword,FullText
2537108,`doctors`,docname,Name
2537109,`doctors`,spcialization,Category
2537114,medicines,medicine,Name
2537124,patients,password,Identifier
2537123,patients,email,Email
2537111,`doctors`,fees,Numeric
2537128,`tests`,test,Test
2537131,register,password,Identifier
2537110,`doctors`,time,DateTime
2537130,register,username,Name
2537113,`doctors`,email,Contact
2537117,patients,pat_name,Name
2537132,register,email,Contact
2538710,owners,city,Location
2538707,owners,first_name,Name
2538720,visits,description,Category
2538701,specialties,name,Name
2538708,owners,last_name,Name
2538713,pets,name,Name
2538709,owners,address,Location
2538698,vets,first_name,Name
2538699,vets,last_name,Name
2538711,owners,telephone,Contact
2538705,types,name,Name
2539269,issue16,email,Contact
2539318,comtimetables,universityweeks,Semistructured
2539312,comtimetables,unittitle,FullText
2539353,help,message,FullText
2539315,comtimetables,day,Category
2539319,comtimetables,room,Location
2539317,comtimetables,endtime,DateTime
2539270,issue17,x,FullText
2539311,comtimetables,unitcode,Identifier
2539268,issue16,name,Name
2539316,comtimetables,starttime,DateTime
2539321,comtimetables,lecturer,Name
2539320,comtimetables,location,Location
2539314,comtimetables,activity,Category
2540827,customer,address,Location
2540829,customer,email,Contact
2540836,employee,employeename,Name
2540828,customer,phone,Contact
2540837,employee,sex,Category
2540820,admin,sex,Name
2540815,account,image,URL
2540811,account,username,Name
2540830,customer,sex,Name
2540817,admin,name,Name
2540834,employee,phone,Contact
2540833,employee,email,Email
2540812,account,password,Password
2540826,customer,customername,Name
2540818,admin,phone,Email
2540819,admin,email,Contact
2540813,account,type,Category
2540835,employee,address,Location
2541028,categories,name,Name
2541085,users,password,Identifier
2541036,orders,order_type,Test
2541084,users,username,Name
2541068,products,item_type,Category
2541065,products,image,Identifier
2541044,order_details,product_id,Identifier
2541066,products,size,Category
2541082,table_no,table_name,Name
2541062,products,id,Identifier
2541034,orders,tabel,Category
2541029,categories,image,URL
2541032,orders,created,DateTime
2541063,products,name,Name
2541046,order_details,size,Category
2541087,users,user_type,Category
2541053,order_details,item_type,Numeric
2541218,tb_templeado,descripcion_templ,FullText
2541209,tb_proveedor,nombre_prov,Name
2541174,tb_documento,descripcion_doc,FullText
2541220,tb_unidad,descripcion_unid,FullText
2541612,roles,title,Category
2541610,department,name,Name
2541617,employee,last_name,Name
2541616,employee,first_name,Name
2541638,playercharacter,username,Name
2541678,buysfrom,playerid,Identifier
2541692,monster_isat,locationname,Name
2541660,item_equips_sells,itemid,Identifier
2541653,locations,locationname,Name
2541661,item_equips_sells,stats,FullText
2541639,playercharacter,id,Identifier
2541680,buysfrom,locationname,Location
2541688,monster_isat,race,Category
2541663,item_equips_sells,locationname,Location
2541662,item_equips_sells,shopname,Name
2541655,shop_isin,shopname,Name
2541656,shop_isin,locationname,Location
2541654,locations,biome,Category
2541796,users,username,Name
2541797,users,first_name,Name
2541798,users,last_name,Name
2541799,users,password,Identifier
2541872,employee,address,Location
2541874,employee,dob,DateTime
2541871,employee,name,Name
2542518,grading_component,exam_title,Category
2542513,course,term,Category
2542537,person,city,Location
2542530,person,first_name,Name
2542532,person,last_name,Name
2544870,testbug6399,field2,Test
2544699,testmultistatements,field1,Test
2544871,testbug6399,field3,Test
2544682,statement_test,strdata2,Test
2544714,testnanosparsing,field1,DateTime
2544890,testbug6743,field1,Test
2544704,testparsedconversionwarning,field1,Numeric
2544721,t1,c2,Numeric
2544726,testbug1901,field1,FullText
2544681,statement_test,strdata1,FullText
2544869,testbug6399,field1,FullText
2544886,streamingclobber,dummyname,Test
2545096,`pazyniuk`.`artist`,name,Name
2545102,`pazyniuk`.`song`,name,Name
2545337,day,day_name,DateTime
2545347,teacher,teacher_name,Name
2545334,classroom,classroom_name,Name
2545351,team,team_institute,Category
2545349,team,team_name,Name
2545343,parity,parity_name,Category
2545345,study_subject,study_subject_name,Category
2545362,type_lesson,type_lesson_name,Category
2545770,account,username,Name
2545769,danhmuc,tendm,Category
2545771,account,password,FullText
2546024,orders,customerid,Identifier
2546021,customers,id,Identifier
2546023,orders,id,Identifier
2546022,customers,name,Name
2547372,gestionnaire,nomcompte,Identifier
2547349,mention,nommention,Category
2547367,eleve,passwordeleve,Identifier
2547373,gestionnaire,password,Identifier
2547553,dictionary_tag,dictionary_tag_value,Category
2547552,dictionary_tag,dictionary_tag_key,Identifier
2550713,statement_test,strdata2,FullText
2550883,testbug6399,field2,Test
2550753,employees,first_name,Name
2550762,testbug1901,field1,Test
2550712,statement_test,strdata1,FullText
2550754,employees,last_name,Name
2550735,testparsedconversionwarning,field1,Numeric
2550757,fruits,name,Name
2550730,testmultistatements,field1,Test
2550884,testbug6399,field3,Test
2550882,testbug6399,field1,Test
2550745,testnanosparsing,field1,DateTime
2550901,streamingclobber,dummyname,Category
2550703,t1,c2,Numeric
2550905,testbug6743,field1,FullText
2553441,patient,sex,Category
2553446,user,name,Name
2553432,nurse,password,Test
2553434,nurse,phone,PhoneNumber
2553431,nurse,email,Email
2553442,patient,birthdate,DateTime
2553419,doctor,doc_name,Name
2553433,nurse,address,Location
2553417,department,dept_description,FullText
2553424,doctor,department,Category
2553416,department,dept_name,Category
2553438,patient,password,Identifier
2553422,doctor,address,Location
2553447,user,email,Contact
2553444,patient,blood_group,Category
2553423,doctor,phone,Contact
2553420,doctor,email,Contact
2553439,patient,address,Location
2553421,doctor,password,Identifier
2553450,user,password,Identifier
2553436,patient,patient_name,Name
2553440,patient,phone,Contact
2553430,nurse,name,Name
2553437,patient,email,Email
2553517,accounts,name,Name
2553524,stories,name,Name
2553520,projects,name,Name
2553514,users,name,Name
2553711,feedback_nss,name,Name
2553712,feedback_nss,extrafeedback,FullText
2553604,feedback_comp,eventname,Name
2553684,feedback_mechanical,extrafeedback,FullText
2553570,feedback,name,Name
2553635,feedback_electrical,extrafeedback,FullText
2553634,feedback_electrical,name,Name
2553636,feedback_electrical,location,Location
2553603,feedback_comp,remark,FullText
2553602,feedback_comp,managementofevent,Category
2553685,feedback_mechanical,location,Location
2553598,feedback_comp,name,Name
2553662,feedback_electronic,name,Name
2553571,feedback,extrafeedback,FullText
2553600,feedback_comp,location,Location
2553683,feedback_mechanical,name,Name
2553664,feedback_electronic,location,Location
2553713,feedback_nss,location,Location
2553599,feedback_comp,extrafeedback,FullText
2553663,feedback_electronic,extrafeedback,FullText
2553572,feedback,location,Location
2553740,clientes,telefone,PhoneNumber
2553736,profissoes,cargo,Category
2553734,tipos_produto,descricao,Category
2553738,clientes,nome,Name
2553730,produtos,descricao,Category
2555742,customer,cname,Name
2555784,profiles,name,Category
2555769,hospitals,name,Name
2555952,orders,priority,Category
2555956,orderline,item,Semistructured
2556918,contacts,email,Contact
2556917,contacts,last_name,Name
2556919,contacts,phone,Contact
2556916,contacts,first_name,Name
2557081,staff,staff_name,Category
2557029,part,part_size,Category
2557021,customer,customer_housephone,Contact
2557020,customer,customer_companyname,Name
2557083,staff,staff_character,Category
2557028,part,part_name,Name
2557060,report_equipment,report_equip_series,Semistructured
2557054,`repair_record`,repair_status,Category
2557058,report_equipment,report_equip_brand,Test
2557025,customer,customer_linkman,Test
2557038,`part_detail`,part_detail_status,Test
2557022,customer,customer_mobilephone,Test
2557057,report_equipment,product_type,Test
2557062,report_equipment,report_equip_problem,Category
2557059,report_equipment,report_equip_model,Category
2557072,report_equipment,report_equip_cd,Identifier
2557049,`repair_record`,work_amount,Semistructured
2557082,staff,staff_password,Identifier
2557061,report_equipment,report_equip_absent,Test
2557055,`repair_record`,repair_delay,Category
2557023,customer,customer_address,Location
2557017,customer,customer_idno,Identifier
2557074,`report_record`,customer_idno,Identifier
2557024,customer,customer_postcode,Location
2557063,report_equipment,report_equip_problem_type,Category
2557033,part,part_status,Category
2557079,`report_record`,report_status,Category
2557019,customer,customer_character,Category
2557052,`repair_record`,repair_promise,FullText
2557047,`repair_record`,repair_record,Test
2557046,`repair_record`,test_record,Test
2557026,customer,customer_email,Contact
2557053,`repair_record`,attention,FullText
2557482,expected_values,table_name,Name
2557423,buytbl,prodname,Category
2557428,testtbl1,username,Name
2557515,customer,email,Contact
2557514,customer,last_name,Name
2557484,expected_values,crc_sha,Identifier
2557415,usertbl,name,Name
2557431,testtbl2,username,Name
2557452,gamelist,gamename,Name
2557513,customer,first_name,Name
2557443,student,addr,Location
2557440,membertbl,name,Name
2557424,buytbl,groupname,Category
2557417,usertbl,addr,Location
2557414,usertbl,userid,Identifier
2557439,membertbl,userid,Identifier
2557441,membertbl,addr,Location
2557442,student,name,Name
2557434,testtbl3,username,Name
2557418,usertbl,pnum,Identifier
2557485,expected_values,crc_md5,Identifier
2557422,buytbl,userid,Identifier
2557444,membership,name,Name
2557843,person,name,Name
2557848,t_test,name,Name
2557847,user,name,Name
2557850,users,first_name,Name
2557851,users,last_name,Name
2558467,t_account,number,Identifier
2558989,emp,job,Category
2558986,dept,loc,Location
2558985,dept,dname,Category
2558988,emp,ename,Name
2559917,`requerimientos`,cliente,Test
2560054,customers,country,Location
2560037,employees,lastname,Name
2560022,flights,destination,Location
2560046,customers,contactlastname,Name
2560029,offices,phone,Contact
2560043,employees,jobtitle,Category
2560078,orderdetails,productcode,Identifier
2560038,employees,firstname,Name
2560021,flights,origin,Location
2560047,customers,contactfirstname,Name
2560048,customers,phone,Contact
2560041,employees,officecode,Identifier
2560025,passenger,name,Name
2560045,customers,customername,Name
2560027,offices,officecode,Identifier
2560030,offices,addressline1,FullText
2560443,user,password,Test
2560440,user,name,Name
2560442,user,username,Name
2560451,task,title,FullText
2560452,task,creation_date,DateTime
2560441,user,email,Contact
2560448,project,last_updated,DateTime
2560447,project,creation_date,DateTime
2560446,project,title,Name
2560619,user_data,last_name,Name
2560622,user_data,cookie,Identifier
2560644,employees,auth_tan,Identifier
2560650,challenge_users,password,FullText
2560607,jwt_keys,id,Identifier
2560641,employees,last_name,Name
2560628,user_system_data,user_name,Name
2560640,employees,first_name,Name
2560624,sql_challenge_users,userid,Name
2560626,sql_challenge_users,password,FullText
2560639,employees,userid,Numeric
2560635,servers,ip,Identifier
2560620,user_data,cc_number,Identifier
2560634,servers,hostname,Name
2560648,challenge_users,userid,Identifier
2560642,employees,department,Category
2560608,jwt_keys,key,Identifier
2560629,user_system_data,password,Password
2560618,user_data,first_name,Name
2560621,user_data,cc_type,Category
2566573,users,user_id,Identifier
2566590,projections,user_id,Identifier
2566575,users,last_name,Name
2566574,users,first_name,Name
2566585,peliculas,director_id,Name
2566582,peliculas,title,FullText
2566583,peliculas,summary,FullText
2566591,projections,movie_id,Identifier
2566595,country,id,Boolean
2566594,genre,name,Category
2566919,item_types,name,Category
2566924,items,name,Name
2566936,operators,type,Category
2566916,subcompanies,name,Name
2566937,operators,name,Name
2566938,operators,pwd,Identifier
2567159,tag,tagdescription,FullText
2567096,articles,summary,FullText
2567146,category,categorydescription,Category
2567098,articles,cover,URL
2567074,articlebody,content,FullText
2567099,articles,articlestatus,Category
2567095,articles,title,FullText
2567452,server_config,config,Category
2567453,server_config,value,Numeric
2567490,rekening,rekeninghouder,Name
2567482,totaaltellingen,telling_omschrijving,FullText
2567489,rekening,rekeningnummer,Identifier
2567986,group_authorities,authority,Category
2567931,t_test,name,Test
2567926,person,name,Name
2567988,group_members,username,Name
2567950,contacts,contact_name,Name
2567919,users,password,Identifier
2567930,user,name,Name
2567918,users,username,Name
2567984,groups,group_name,Name
2567951,contacts,email,Contact
2568048,ir_model_data,name,Name
2568062,res_partner,name,Name
2568049,ir_model_data,module,Category
2568050,ir_model_data,model,Category
2567998,res_users,login,Name
2568271,second_table,name,Name
2568274,first_table,name,Name
2570811,user,login,Name
2570792,city,name_uk,Location
2570791,city,name,Location
2570813,user,first_name,Name
2570815,user,password,Identifier
2570802,role,role_name,Category
2570812,user,last_name,Name
2570814,user,email,Contact
2570833,countries,country_id,Identifier
2570834,countries,country_name,Name
2570832,regions,region_name,Location
2573387,mahasiswa,telepon,Contact
2573368,dosen,alamat,Location
2573366,dosen,nama,Name
2573382,mahasiswa,nim,Identifier
2573385,mahasiswa,alamat,Location
2573381,kota,nama_kota,Name
2573390,matkul,nama,FullText
2573388,mahasiswa,email,Contact
2573394,provinsi,nama_provinsi,Name
2573370,dosen,telepon,Contact
2573389,matkul,id_matkul,Identifier
2573371,dosen,email,Contact
2573383,mahasiswa,nama,Name
2573520,m_permission,grouping,Category
2573922,stretchy_report,report_name,Name
2573522,m_permission,entity_name,Name
2574783,job,display_name,Name
2574096,mix_xbrl_namespace,url,URL
2573476,r_enum_value,enum_name,Name
2573478,r_enum_value,enum_message_property,FullText
2573923,stretchy_report,report_type,Category
2573523,m_permission,action_name,Category
2574095,mix_xbrl_namespace,prefix,Category
2573480,x_registered_table,registered_table_name,FullText
2573481,x_registered_table,application_table_name,Identifier
2574983,park,inspirationalquotesource,Name
2574998,project,name,Name
2575029,products,description,FullText
2575023,forum_post,username,Name
2575024,forum_post,subject,FullText
2574953,reviews,review_text,FullText
2574987,weather,parkcode,Identifier
2574952,reviews,review_title,FullText
2574984,park,parkdescription,FullText
2574950,reviews,username,Name
2574991,weather,forecast,Category
2574944,question,question_text,FullText
2574972,park,parkcode,Identifier
2574973,park,parkname,Name
2574979,park,climate,Category
2574974,park,state,Category
2575025,forum_post,message,FullText
2575028,products,name,Name
2575031,products,image_name,Identifier
2574982,park,inspirationalquote,FullText
2576218,guest,email,Contact
2576217,guest,name,Name
2576242,category,name,Category
2576245,movie,name,Name
2577151,hostels,rector,Name
2577118,notifications,linkpath,URL
2577139,users,userid,Identifier
2577152,hostels,deletestatus,Boolean
2577120,notifications,deletestatus,Boolean
2577143,hostels,name,Name
2577138,users,role,Category
2577119,notifications,linkstatus,Boolean
2577165,vehicleentry,drivername,Name
2577141,users,deletestatus,Boolean
2577163,vehicleentry,vehicletype,Category
2577115,notifications,ndetails,FullText
2577164,vehicleentry,vehiclenumber,Identifier
2577140,users,password,Contact
2577226,outpass,userid,Identifier
2577144,hostels,gender,Category
2577169,vehicleentry,outtime,DateTime
2577168,vehicleentry,intime,DateTime
2577166,vehicleentry,drivermobilenumber,Contact
2577350,ticketsale_group,groupidentifier,Identifier
2577359,ticketsale_user,passwordhash,Identifier
2577358,ticketsale_user,username,Name
2577622,store,locale,Location
2577626,book,author,Name
2577624,book,book_name,FullText
2577668,user_card,first_name,Name
2577667,user_card,last_name,Name
2577853,t_external_dataset,external_dataset_name_ckan,Category
2577852,t_external_dataset,external_dataset_name,Category
2578023,login,password,Semistructured
2578016,lignecommande,designation,FullText
2578011,client,nom,Name
2578012,client,prenom,Name
2578022,login,admin,Boolean
2578014,client,email,Contact
2578026,paiement,type,Category
2578013,client,tel,Contact
2578035,produit,designation,Category
2581369,client_user,mobile,Contact
2581356,abnormalperson,address,Location
2581414,sys_user,mobile,Contact
2581355,abnormalperson,mobile,Contact
2581367,client_user,userid,Identifier
2581383,dailyreport,userid,Identifier
2581368,client_user,username,Name
2581370,client_user,identity,Identifier
2581413,sys_user,password,Identifier
2581375,client_user,sessionkey,Identifier
2581421,usersource,userid,Numeric
2581363,client_menu,menu_url,URL
2581384,dailyreport,address,Location
2581409,sys_role,name,Name
2581354,abnormalperson,userid,Identifier
2581412,sys_user,username,Name
2581385,dailyreport,temperature,Numeric
2581362,client_menu,menu_name,Name
2581357,abnormalperson,nearestaddress,Location
2581411,sys_user,name,Name
2581376,client_user,openid,Identifier
2581422,usersource,platform,Category
2581513,person,name,Name
2581517,user,name,Name
2581518,users,last_name,Name
2581519,t_test,name,Name
2584451,`state`,code,Identifier
2583188,ese_seq,seq_key,Identifier
2583184,`pref`,name,Identifier
2584061,ese_account,acc_no,Identifier
2583790,ese_ent,name,FullText
2584062,ese_account,acc_type,Category
2584068,ese_account,profile_id,Identifier
2584452,`state`,name,Location
2583185,`pref`,val,Semistructured
2584195,farmer_id_seq,web_seq,Identifier
2585954,user,ten,Name
2585934,luatsu,matkhau,Numeric
2585956,user,matkhau,Identifier
2585932,luatsu,ten,Name
2585933,luatsu,taikhoan,Identifier
2585937,luatsu,image,URL
2585955,user,taikhoan,Identifier
2586616,post,title,FullText
2586612,user,password,Identifier
2586611,user,username,Name
2586617,post,body,FullText
2587354,team,title,Category
2587357,warrior,name,Name
2587361,weapon,type_of_weapon,Category
2587352,fraction,title,Name
2588494,doctor,doc_mobile,Contact
2588504,patient,p_insurence,Identifier
2588495,doctor,doc_specialization,Category
2588492,doctor,doc_first_name,Name
2588497,doctor,doc_address,Location
2588499,patient,p_first_name,Name
2588500,patient,p_last_name,Name
2588502,patient,p_mobile,Contact
2588493,doctor,doc_last_name,Name
2588503,patient,p_address,Location
2590803,autofill_profiles,origin,Category
2590793,autofill_profiles,guid,Identifier
2590811,autofill_profile_phones,guid,Identifier
2590849,note,body,FullText
2590797,autofill_profiles,city,Location
2590794,autofill_profiles,company_name,Name
2590795,autofill_profiles,street_address,Location
2590804,autofill_profiles,language_code,Identifier
2590806,autofill_profile_names,first_name,Name
2590808,autofill_profile_names,last_name,Name
2590801,autofill_profiles,country_code,Identifier
2590798,autofill_profiles,state,Identifier
2590805,autofill_profile_names,guid,Identifier
2590799,autofill_profiles,zipcode,Location
2590809,autofill_profile_emails,guid,Identifier
2591007,racas,descricao,FullText
2591031,modelo,descricao,FullText
2591063,tiposdehabilidades,nome,Category
2591066,habilidades,nome,Category
2591001,veterinarios,nome,Name
2591004,tipospets,descricao,FullText
2591037,clientes,nome,Name
2591051,emails,descricao,FullText
2591045,pessoas,nome,Name
2591121,city,title,Location
2591191,tag,tag,Identifier
2591277,person,username,Identifier
2591326,t_worknote,zhuti,FullText
2591344,wenzhang,neigong,FullText
2591458,employee,username,Name
2591316,t_phonebook,board_name,Name
2591502,member,loginpwd,Test
2591327,t_worknote,zuozhe,Name
2591334,tb_class,class_name,Category
2591276,person,id,Identifier
2591462,employee,loginname,Name
2591617,specialty,name,Category
2591343,wenzhang,zuozhe,Name
2591505,member,address,Location
2591318,t_phonebook,board_pcard,Identifier
2591501,member,loginname,Name
2591460,employee,sex,Category
2591322,t_studynote,neirong,FullText
2591317,t_phonebook,board_master,Test
2591278,person,password,Test
2591320,t_studynote,zhuti,Category
2591338,user,password,Test
2591503,member,membername,Name
2591337,user,username,Name
2591510,member,email,Contact
2591504,member,phone,Contact
2591459,employee,password,FullText
2591321,t_studynote,zuozhe,Identifier
2591506,member,zip,Location
2591335,tb_class,class_intro,FullText
2591342,wenzhang,zhuti,FullText
2591328,t_worknote,neigong,FullText
2591309,bbs_article,bbs_user,Identifier
2591311,bbs_article,bbs_content,FullText
2591310,bbs_article,bbs_title,FullText
2591463,employee,department,Category
2591331,t_xinqing,neirong,FullText
2591647,funcionarios,funcionario_sobrenome,Name
2591626,tb_categoria,modo,Category
2591632,tb_produto,nome_produto,Name
2591648,funcionarios,funcionario_idade,Numeric
2591634,tb_produto,data_producao,DateTime
2591646,funcionarios,funcionario_nome,Name
2591636,tb_produto,codigo_produto,Identifier
2591635,tb_produto,validade_produto,DateTime
2591652,enderecos_funcionarios,funcionario_endereco,Location
2592189,sys_dict,dict_code,Category
2591915,jeecg_order_ticket,order_id,Identifier
2591894,jeecg_order_customer,idcard,Identifier
2592319,sys_sms_template,template_name,Name
2592325,sys_sms_template,create_by,Name
2591900,jeecg_order_customer,update_by,Name
2591891,jeecg_order_customer,id,Identifier
2592190,sys_dict,description,FullText
2592188,sys_dict,dict_name,Name
2591912,jeecg_order_ticket,id,Identifier
2592194,sys_dict,update_by,Name
2591892,jeecg_order_customer,name,Name
2592323,sys_sms_template,template_test_json,Semistructured
2591916,jeecg_order_ticket,create_by,Name
2591896,jeecg_order_customer,telphone,Contact
2592192,sys_dict,create_by,Name
2591897,jeecg_order_customer,order_id,Identifier
2592187,sys_dict,id,Identifier
2592320,sys_sms_template,template_code,Identifier
2591918,jeecg_order_ticket,update_by,Name
2592291,sys_role,id,Identifier
2591913,jeecg_order_ticket,ticket_code,Identifier
2592293,sys_role,role_code,Category
2591893,jeecg_order_customer,sex,Boolean
2592327,sys_sms_template,update_by,Name
2591898,jeecg_order_customer,create_by,Name
2592322,sys_sms_template,template_content,FullText
2592318,sys_sms_template,id,Identifier
2592321,sys_sms_template,template_type,Numeric
2593718,post,titulo,Category
2593715,usuario,email,Contact
2593723,comentarios,texto,FullText
2594261,user,username,Name
2594262,user,password,Semistructured
2594266,post,title,Name
2594267,post,body,FullText
2594427,student,mother_name,Name
2594426,student,father_name,Name
2594423,student,first_name,Name
2594387,teacher,last_name,Name
2594384,teacher,teacher_id,Identifier
2594424,student,middle_name,Name
2594390,teacher,mother_name,Name
2594425,student,last_name,Name
2594422,student,student_id,Identifier
2594386,teacher,middle_name,Name
2594431,student,address,Location
2594392,teacher,address,Location
2594389,teacher,father_name,Name
2594385,teacher,first_name,Name
2594580,offices,addressline2,Location
2594578,offices,phone,Contact
2594554,employees,first_name,Name
2594605,products,productcode,Identifier
2594595,customers,country,Location
2594577,offices,city,Location
2594593,customers,state,Location
2594583,offices,postalcode,Identifier
2594625,productlines,htmldescription,FullText
2594559,departments,dept_name,Name
2594624,productlines,textdescription,Category
2594609,products,productvendor,Name
2594590,customers,addressline1,Location
2594584,offices,territory,Category
2594586,customers,customername,Name
2594582,offices,country,Location
2594558,departments,dept_no,Identifier
2594628,customer_details,cus_name,Name
2594581,offices,state,Location
2594594,customers,postalcode,Identifier
2594592,customers,city,Location
2594606,products,productname,Name
2594569,titles,title,Category
2594591,customers,addressline2,Location
2594632,account_details,name,Name
2594588,customers,contactfirstname,Name
2594564,dept_manager,dept_no,Identifier
2594589,customers,phone,Contact
2594608,products,productscale,Category
2594602,orders,status,Category
2594623,productlines,productline,Name
2594607,products,productline,Category
2594579,offices,addressline1,Location
2594576,offices,officecode,Identifier
2594561,dept_emp,dept_no,Category
2594603,orders,comments,FullText
2594587,customers,contactlastname,Name
2594619,orderdetails,productcode,Identifier
2594610,products,productdescription,FullText
2594555,employees,last_name,Name
2594615,payments,checknumber,Identifier
2594744,guest,firstname,Name
2594742,admin,password,Test
2594741,admin,username,Name
2594740,admin,name,Name
2594779,patrons,password,Test
2594776,patrons,first_name,Name
2594778,patrons,username,Name
2594783,`restaurants`,name,Name
2594784,`restaurants`,location,Location
2594777,patrons,last_name,Name
2594780,patrons,email,Contact
2594851,res_users,login,Name
2594903,ir_model_data,module,Category
2594900,ir_model_data,name,Identifier
2594922,res_company,name,Name
2594904,ir_model_data,model,Category
2594852,res_users,password,FullText
2595260,state,state_id,Location
2595269,dept,dname,Category
2595215,user,password,FullText
2595217,user,email,Contact
2595187,sc,sno,Test
2595216,user,phone,Contact
2595261,state,state_name,Location
2595270,dept,loc,Location
2595218,user,addr,Location
2595188,sc,cno,Test
2595214,user,username,Name
2595516,sys_user,id,Identifier
2595291,jeecg_order_customer,telphone,Contact
2595517,sys_user,username,Name
2595507,sys_role,role_code,Category
2595308,jeecg_order_ticket,ticket_code,Identifier
2595536,sys_user_role,user_id,Identifier
2595307,jeecg_order_ticket,id,Identifier
2595310,jeecg_order_ticket,order_id,Identifier
2595289,jeecg_order_customer,idcard,Identifier
2595286,jeecg_order_customer,id,Identifier
2595293,jeecg_order_customer,create_by,Name
2595288,jeecg_order_customer,sex,Category
2595287,jeecg_order_customer,name,Name
2595292,jeecg_order_customer,order_id,Identifier
2595505,sys_role,id,Identifier
2595311,jeecg_order_ticket,create_by,Name
2595537,sys_user_role,role_id,Identifier
2595558,the_loai,tl_ma,Identifier
2595556,tac_gia,tg_ma,Identifier
2595559,the_loai,tl_ten,Name
2595557,tac_gia,tg_ten,Name
2595629,booked_ticket,booked_seats,Numeric
2595680,`screen`,screen_name,Name
2595741,platos,p_tipo,Category
2595735,mozos,mo_nombreapellido,Name
2595739,platos,p_nombre,Name
2595740,platos,p_descripcion,FullText
2595736,mozos,mo_domicilio,Location
2595746,mesas,me_sector,Category
2596473,user,username,Name
2596478,post,title,FullText
2596474,user,password,Semistructured
2596479,post,body,FullText
2601757,medication,medname,Name
2601793,prescription,patientid,Identifier
2601755,room,roomtype,Category
2601774,nurse,nurselname,Name
2601802,appointments,appatient,Identifier
2601760,patient,ssn,Identifier
2601762,patient,patientlname,Name
2601766,patient,insurancename,Category
2601765,patient,phone,Contact
2601781,physician,physicianfname,Name
2601790,referrals,referralto,Category
2601789,referrals,reason,FullText
2601782,physician,physicianlname,Name
2601773,nurse,nursefname,Name
2601788,referrals,patientid,Identifier
2601761,patient,patientfname,Name
2601752,department,deptname,Category
2601759,medication,instructions,FullText
2601797,prescription,dose,FullText
2602221,angajati_rtu,email,Name
2602219,angajati_rtu,nume,Name
2602285,department,name,Category
2602291,employee,first_name,Name
2602292,employee,last_name,Name
2602287,roles,title,Name
2603454,child,lastname,Identifier
2603487,guardian,stateabrv,Category
2603489,guardian,photolocation,URL
2603488,guardian,zip,Location
2603478,guardian,guardian_id,Identifier
2603448,allowedconnections,family_id,Identifier
2603447,allowedconnections,child_id,Identifier
2603453,child,firstname,Name
2603482,guardian,phone,Contact
2603483,guardian,email,Contact
2603480,guardian,firstname,Name
2603452,child,child_id,Identifier
2603484,guardian,address1,Location
2603446,allowedconnections,guardian_id,Identifier
2603486,guardian,city,Location
2603481,guardian,lastname,Identifier
2603458,child,photolocation,Location
2603445,allowedconnections,allowance_id,Identifier
2603479,guardian,guardianpin,Identifier
2604358,`campaign`,campaignid,Identifier
2604350,`staff`,staff_status,Category
2604349,`staff`,staff_position,Category
2604347,`staff`,staff_email,Contact
2604344,`staff`,staff_lastname,Name
2604345,`staff`,staff_gender,Category
2604377,`invoice`,campaign_invoice,Identifier
2604376,`invoice`,totalcost,Numeric
2604366,`campaign`,campaign_client,Identifier
2604342,`staff`,staffid,Identifier
2604351,`staff`,supervisor_id,Identifier
2604359,`campaign`,campaignname,FullText
2604378,`invoice`,client_invoice,Identifier
2604360,`campaign`,campaigntheme,Category
2604343,`staff`,staff_firstname,Name
2604373,`invoice`,invoiceid,Identifier
2607480,product,pname,Name
2606736,test,b,Semistructured
2607116,computer_terms,comments,FullText
2607544,clstr_tst,d,Test
2607114,computer_terms,term,Name
2607173,toastable_heap,a,Test
2606971,pktable,ptest2,Test
2606982,inserttest,col3,FullText
2608333,ggg,b,Category
2606814,test1,b,Identifier
2607477,vendor,vname,Name
2607456,uctest,f3,Category
2607559,x,d,FullText
2608407,pxtest1,foobar,Category
2608332,ggg,a,Numeric
2606853,users,fname,Name
2607993,serialtest,f1,Category
2608391,gpd1,c1,Category
2608188,t1_join,name,FullText
2608365,pt_check,col1,Category
2607174,toastable_heap,b,Test
2607084,pslot,backlink,Identifier
2607474,customer,cname,Name
2607002,varchar_tbl,f1,Semistructured
2608291,csq_pullup,v,Test
2607115,computer_terms,category,Category
2606855,users,username,Name
2607475,customer,cloc,Location
2606854,users,lname,Name
2608421,region,r_name,Name
2606823,customers,c,Name
2607810,dnsdata,dnsname,URL
2607529,customers_test,name,Name
2608190,t2_join,name,Name
2608113,char_tbl,f1,Test
2607530,customers_test,device_model,Identifier
2607825,altable,b,Numeric
2608418,test_missing_target,c,FullText
2607076,wslot,roomno,Identifier
2607481,product,pcolor,Category
2608334,ggg,d,Test
2608422,region,r_comment,FullText
2607543,clstr_tst,c,Test
2608395,rq_product,pname,Name
2607082,pslot,pfname,Identifier
2608185,j1_tbl,t,Category
2607478,vendor,vloc,Location
2607536,char_strings_tbl,f1,FullText
2607325,dim1,code,Identifier
2607678,test_having,c,Test
2608485,rle_runtest,c2,Test
2607537,varchar_strings_tbl,f1,Test
2607075,wslot,slotname,Identifier
2607800,ds_2,month_id,DateTime
2607538,text_strings_tbl,f1,FullText
2607134,toastable_ao,b,FullText
2606827,foo,b,FullText
2608419,test_missing_target,d,Category
2608192,t3_join,name,FullText
2607326,dim1,t1,Test
2608396,rq_product,pcolor,Category
2607081,pslot,slotname,Identifier
2607673,update_test,c,Test
2608176,text_tbl,f1,FullText
2607333,malp,t,Test
2607133,toastable_ao,a,Test
2608288,csq_pullup,t,Test
2609021,crawler_history,media_id,Identifier
2609022,crawler_history,election_id,Identifier
2611368,metadataschemaregistry,short_id,Identifier
2611450,checksum_results,result_description,FullText
2611449,checksum_results,result_code,Category
2611344,epersongroup,name,Name
2611367,metadataschemaregistry,namespace,URL
2612160,trap,note,FullText
2612179,weapon_skill,note,FullText
2611790,etcitem,identified_name_id,Identifier
2612459,weapon,unidentified_name_id,Identifier
2611687,armor,identified_name_id,Identifier
2611791,etcitem,item_type,Category
2611778,town,name,Name
2612137,spawnlist_ub,location,Location
2612010,armor_set,sets,Identifier
2612046,house,location,Location
2612000,npcchat,chat_id4,Identifier
2612503,spawnlist_trap,note,FullText
2612316,beginner,item_name,FullText
2612317,beginner,activate,Category
2612001,npcchat,chat_id5,Identifier
2612247,polymorphs,name,Name
2612323,spawnlist_boss,location,Location
2612513,getback_restart,note,FullText
2611887,getback,note,FullText
2612414,castle,name,Name
2611991,npcaction,teleport_url,URL
2611739,spawnlist_npc,location,Location
2612167,trap,poisontype,Category
2611788,etcitem,name,Name
2611685,armor,name,Name
2611793,etcitem,material,Category
2611689,armor,material,Category
2611789,etcitem,unidentified_name_id,Identifier
2611792,etcitem,use_type,Category
2612460,weapon,identified_name_id,Identifier
2611894,skills,name,Name
2611854,mobgroup,note,FullText
2611686,armor,unidentified_name_id,Identifier
2611917,skills,nameid,Identifier
2611688,armor,type,Category
2612044,house,house_name,Name
2612310,drop_item,note,Category
2612009,armor_set,note,Category
2612324,spawnlist_boss,cycle_type,Category
2612220,ub_settings,ub_name,Name
2611852,dungeon,note,FullText
2611990,npcaction,caotic_action,Identifier
2612255,resolvent,note,FullText
2612158,commands,class_name,Identifier
2611970,mapids,locationname,Location
2611997,npcchat,chat_id1,Identifier
2611903,skills,target,Category
2611817,petitem,note,FullText
2612193,spawnlist,location,Location
2611995,npcchat,note,Location
2612461,weapon,type,Category
2612290,dungeon_random,note,FullText
2611999,npcchat,chat_id3,Identifier
2611989,npcaction,normal_action,Test
2612462,weapon,material,Category
2612458,weapon,name,Name
2612262,board_auction,location,Location
2612344,pettypes,name,Name
2612297,spawnlist_door,location,Location
2611945,mobskill,mobname,Name
2612156,commands,name,Name
2611992,npcaction,teleport_urla,URL
2612258,board_auction,house_name,Name
2612161,trap,type,Category
2611998,npcchat,chat_id2,Identifier
2612651,users,phone,Contact
2612653,users,email,Contact
2612652,users,pass_word,Identifier
2612654,users,gender,Category
2612655,users,nick_name,Name
2612849,product,name,Name
2612852,product,description,FullText
2612858,product_category,description,FullText
2612860,supplier,name,Name
2612857,product_category,department,Category
4826962,ctu-iot-malware-capture-1-1conn,ts|uid|id.orig_h|id.orig_p|id.resp_h|id.resp_p|proto|service|duration|orig_bytes|resp_bytes|conn_state|local_orig|local_resp|missed_bytes|history|orig_pkts|orig_ip_bytes|resp_pkts|resp_ip_bytes|tunnel_parents|label|detailed-label,
4826967,ctu-iot-malware-capture-42-1conn,ts|uid|id.orig_h|id.orig_p|id.resp_h|id.resp_p|proto|service|duration|orig_bytes|resp_bytes|conn_state|local_orig|local_resp|missed_bytes|history|orig_pkts|orig_ip_bytes|resp_pkts|resp_ip_bytes|tunnel_parents|label|detailed-label,
4826970,ctu-iot-malware-capture-60-1conn,ts|uid|id.orig_h|id.orig_p|id.resp_h|id.resp_p|proto|service|duration|orig_bytes|resp_bytes|conn_state|local_orig|local_resp|missed_bytes|history|orig_pkts|orig_ip_bytes|resp_pkts|resp_ip_bytes|tunnel_parents|label|detailed-label,
4826968,ctu-iot-malware-capture-44-1conn,ts|uid|id.orig_h|id.orig_p|id.resp_h|id.resp_p|proto|service|duration|orig_bytes|resp_bytes|conn_state|local_orig|local_resp|missed_bytes|history|orig_pkts|orig_ip_bytes|resp_pkts|resp_ip_bytes|tunnel_parents|label|detailed-label,
4826964,ctu-iot-malware-capture-3-1conn,ts|uid|id.orig_h|id.orig_p|id.resp_h|id.resp_p|proto|service|duration|orig_bytes|resp_bytes|conn_state|local_orig|local_resp|missed_bytes|history|orig_pkts|orig_ip_bytes|resp_pkts|resp_ip_bytes|tunnel_parents|label|detailed-label,
4826966,ctu-iot-malware-capture-35-1conn,ts|uid|id.orig_h|id.orig_p|id.resp_h|id.resp_p|proto|service|duration|orig_bytes|resp_bytes|conn_state|local_orig|local_resp|missed_bytes|history|orig_pkts|orig_ip_bytes|resp_pkts|resp_ip_bytes|tunnel_parents|label|detailed-label,
4826971,ctu-iot-malware-capture-8-1conn,ts|uid|id.orig_h|id.orig_p|id.resp_h|id.resp_p|proto|service|duration|orig_bytes|resp_bytes|conn_state|local_orig|local_resp|missed_bytes|history|orig_pkts|orig_ip_bytes|resp_pkts|resp_ip_bytes|tunnel_parents|label|detailed-label,
4826972,ctu-iot-malware-capture-9-1conn,ts|uid|id.orig_h|id.orig_p|id.resp_h|id.resp_p|proto|service|duration|orig_bytes|resp_bytes|conn_state|local_orig|local_resp|missed_bytes|history|orig_pkts|orig_ip_bytes|resp_pkts|resp_ip_bytes|tunnel_parents|label|detailed-label,
4826969,ctu-iot-malware-capture-48-1conn,ts|uid|id.orig_h|id.orig_p|id.resp_h|id.resp_p|proto|service|duration|orig_bytes|resp_bytes|conn_state|local_orig|local_resp|missed_bytes|history|orig_pkts|orig_ip_bytes|resp_pkts|resp_ip_bytes|tunnel_parents|label|detailed-label,
4826965,ctu-iot-malware-capture-34-1conn,ts|uid|id.orig_h|id.orig_p|id.resp_h|id.resp_p|proto|service|duration|orig_bytes|resp_bytes|conn_state|local_orig|local_resp|missed_bytes|history|orig_pkts|orig_ip_bytes|resp_pkts|resp_ip_bytes|tunnel_parents|label|detailed-label,
4826974,labels,Name,
4826975,911-calls-for-service,recordId	callKey	callDateTime	priority	district	description	callNumber	incidentLocation	location	Neighborhood	PoliceDistrict	PolicePost	CouncilDistrict	SheriffDistricts	Community_Statistical_Areas	Census_Tracts	ZIPCode	NeedsSync	ESRI_OID	,
4826977,airlines,Name,
4826992,airports,ICAO,
4826979,airlines,IATA,
4826990,airports,Country,Location
4826986,airplanes,ICAO code,Identifier
4826998,airports,Tz database time zone,Location
4827007,routes,Codeshare,Boolean
4826980,airlines,ICAO,Identifier
4826988,airports,Name,Name
4826985,airplanes,IATA code,Identifier
4827005,routes,Destination airport,Identifier
4826996,airports,Timezone,Numeric
4827000,airports,Source,Identifier
4826983,airlines,Active,Boolean
4826984,airplanes,Name,Name
4826999,airports,Type,Category
4827004,routes,Source airport ID,Identifier
4826978,airlines,Alias,Name
4826997,airports,DST,Category
4827009,routes,Equipment,Semistructured
4827002,routes,Airline ID,Identifier
4826989,airports,City,Location
4827006,routes,Destination airport ID,Identifier
4827003,routes,Source airport,Location
4826981,airlines,Callsign,FullText
4826991,airports,IATA,Identifier
4826982,airlines,Country,Location
4827001,routes,Airline,Identifier
4827012,englandweather,Precip Type,Category
4827011,englandweather,Summary,Category
4827010,englandweather,Formatted Date,DateTime
4827017,market,Index,Identifier
4827018,market,Date,DateTime
4827040,world-cup-2018-dataset,"Third match
 against",Name
4827036,world-cup-2018-dataset,"Second match
 against",Name
4827026,world-cup-2018-dataset,Group,Category
4827032,world-cup-2018-dataset,"First match 
against",Name
4827025,world-cup-2018-dataset,Team,Name
4827076,users,num_veh,Identifier
4827049,places,voie,Numeric
4827045,holidays,ds,DateTime
4827051,places,v2,Category
4827046,holidays,holiday,FullText
4827085,vehicles,num_veh,Identifier
4827093,dirty-cafe-sales,Transaction Date,DateTime
4827091,dirty-cafe-sales,Payment Method,Category
4827089,dirty-cafe-sales,Price Per Unit,Numeric
4827087,dirty-cafe-sales,Item,Category
4827086,dirty-cafe-sales,Transaction ID,Identifier
4827088,dirty-cafe-sales,Quantity,Numeric
4827090,dirty-cafe-sales,Total Spent,Numeric
4827092,dirty-cafe-sales,Location,Category
4827095,fer2013,pixels,Semistructured
4827096,fer2013,Usage,Category
4827125,generic,storage conditions description,FullText
4827119,generic,pregnancy and lactation description,FullText
4827143,medicine,manufacturer,Name
4827145,medicine,Package Size,Semistructured
4827129,indication,slug,URL
4827102,drug-class,drug class name,Category
4827120,generic,precautions description,FullText
4827103,drug-class,slug,URL
4827140,medicine,dosage form,Category
4827108,generic,monograph link,URL
4827132,manufacturer,manufacturer name,Name
4827114,generic,dosage description,FullText
4827122,generic,overdose effects description,FullText
4827109,generic,drug class,Category
4827139,medicine,slug,URL
4827107,generic,slug,URL
4827116,generic,interaction description,FullText
4827124,generic,reconstitution description,FullText
4827106,generic,generic name,Name
4827128,indication,indication name,Name
4827133,manufacturer,slug,Identifier
4827144,medicine,package container,Semistructured
4827110,generic,indication,Category
4827112,generic,therapeutic class description,FullText
4827098,dosage-form,dosage form name,Name
4827141,medicine,generic,Name
4827137,medicine,brand name,Name
4827142,medicine,strength,Numeric
4827123,generic,duration of treatment description,FullText
4827121,generic,pediatric usage description,FullText
4827118,generic,side effects description,FullText
4827113,generic,pharmacology description,FullText
4827117,generic,contraindications description,FullText
4827138,medicine,type,Category
4827111,generic,indication description,FullText
4827115,generic,administration description,FullText
4827099,dosage-form,slug,URL
4827148,restaurant-menus,name,Name
4827147,restaurant-menus,category,Category
4827149,restaurant-menus,description,FullText
4827153,restaurants,name,Name
4827156,restaurants,category,Category
4827158,restaurants,full_address,Location
4827157,restaurants,price_range,Numeric
4827159,restaurants,zip_code,Location
4827150,restaurant-menus,price,Numeric
4827173,realtor-data,prev_sold_date,DateTime
4827169,realtor-data,city,Location
4827170,realtor-data,state,Location
4827163,realtor-data,status,Category
4827335,elections,area_name,Location
4827887,migration,Country Name,Location
4828104,tweets,tweet,FullText
4827454,germany,InvoiceNo,Identifier
4827450,france,InvoiceDate,DateTime
4827226,bank,education,Category
4827654,house,LandSlope,Category
4827884,mice,Treatment,Category
4827739,insurance,sex,Category
4827728,income,marital-status,Category
4827701,house,GarageType,Category
4828100,traffic,weather_main,Category
4827238,bank,poutcome,Category
4827683,house,HeatingQC,Category
4827722,house,SaleCondition,Category
4827780,juice,Purchase,Category
4827205,automobile,engine-location,Location
4827943,pokemon,Name,Name
4827421,facebook,status_id,Identifier
4827685,house,Electrical,Category
4827886,mice,class,Category
4827219,automobile,peak-rpm,Numeric
4827199,automobile,make,Name
4827700,house,FireplaceQu,Category
4827224,bank,job,Category
4827422,facebook,status_type,Category
4827651,house,LandContour,Category
4827682,house,Heating,Category
4827239,bank,deposit,Boolean
4827672,house,Foundation,Category
4827215,automobile,bore,Numeric
4827665,house,RoofMatl,Category
4827435,forest,month,DateTime
4827211,automobile,engine-type,Category
4827329,diamond,Clarity,Category
4827703,house,GarageFinish,Category
4827730,income,relationship,Category
4827799,kiva,en,FullText
4827332,diamond,Report,Category
4827204,automobile,drive-wheels,Category
4827885,mice,Behavior,Category
4827400,electrical-grid,stabf,Category
4828115,wikipedia,Text,FullText
4827174,amazon,reviewText,FullText
4828093,spx,text,FullText
4827657,house,Condition2,Category
4827327,diamond,Cut,Category
4827212,automobile,num-of-cylinders,Numeric
4827725,income,workclass,Category
4827203,automobile,body-style,Category
4827650,house,LotShape,Category
4827803,kiva,sector,Category
4827883,mice,Genotype,Category
4827696,house,KitchenQual,Category
4827731,income,race,Category
4827229,bank,housing,Boolean
4827966,population,Country Name,Location
4827706,house,GarageQual,Category
4827328,diamond,Color,Category
4827736,income,native-country,Location
4827227,bank,default,Boolean
4827798,kiva,country,Location
4827201,automobile,aspiration,Category
4827446,france,InvoiceNo,Identifier
4827458,germany,InvoiceDate,DateTime
4827656,house,Condition1,Category
4827674,house,BsmtCond,Category
4827708,house,PavedDrive,Boolean
4827652,house,Utilities,Category
4827218,automobile,horsepower,Numeric
4827455,germany,StockCode,Identifier
4827945,pokemon,Type 2,Category
4827721,house,SaleType,Category
4827664,house,RoofStyle,Category
4827659,house,HouseStyle,Category
4827675,house,BsmtExposure,Category
4827336,elections,state_abbreviation,Identifier
4827667,house,Exterior2nd,Category
4827409,employee,salary,Category
4827944,pokemon,Type 1,Category
4827726,income,education,Category
4827649,house,Alley,Category
4827668,house,MasVnrType,Category
4827715,house,PoolQC,Category
4827231,bank,contact,Contact
4827729,income,occupation,Category
4827241,bike,dteday,DateTime
4827447,france,StockCode,Identifier
4828022,public-health,Country Name,Location
4827678,house,BsmtFinType2,Category
4827670,house,ExterQual,Category
4827653,house,LotConfig,Category
4827331,diamond,Symmetry,Category
4827233,bank,month,Category
4828114,wikipedia,Category,Category
4827216,automobile,stroke,Numeric
4827743,insurance,region,Category
4827717,house,MiscFeature,Category
4827684,house,CentralAir,Boolean
4902179,hpi-master,frequency,Category
4902178,hpi-master,hpi_flavor,Category
4902177,hpi-master,hpi_type,Category
4902180,hpi-master,level,Category
4902182,hpi-master,place_id,Identifier
4902181,hpi-master,place_name,Location
4902030,central-west,Data,DateTime
4902031,central-west,Hora,DateTime
4902049,central-west,region,Identifier
4902050,central-west,state,Identifier
4902051,central-west,station,Name
4902052,central-west,station_code,Identifier
4902059,columns-description,abbreviation,Category
4902058,columns-description,columns_en,FullText
4902057,columns-description,columns_pt-br,FullText
4902060,columns-description,description,FullText
4902062,north,Data,DateTime
4902063,north,Hora,DateTime
4902081,north,region,Identifier
4902082,north,state,Category
4902083,north,station,Name
4902084,north,station_code,Identifier
4902089,northeast,Data,DateTime
4902090,northeast,Hora,DateTime
4902108,northeast,region,Category
4902109,northeast,state,Category
4902110,northeast,station,Name
4902111,northeast,station_code,Identifier
4902116,south,Data,DateTime
4902117,south,Hora,DateTime
4902135,south,region,Location
4902136,south,state,Category
4902137,south,station,Location
4902138,south,station_code,Identifier
4902143,southeast,Data,DateTime
4902144,southeast,Hora,DateTime
4902162,southeast,region,Identifier
4902163,southeast,state,Identifier
4902164,southeast,station,Name
4902165,southeast,station_code,Identifier
4902173,stations,first date,DateTime
4902170,stations,region,Category
4902171,stations,state,Category
4902169,stations,station,Name
4902172,stations,station_code,Identifier
4902018,world-happiness-report-2019,Country (region),Location
4902004,monster-com-job-sample,country,Location
4902005,monster-com-job-sample,country_code,Identifier
4902006,monster-com-job-sample,date_added,DateTime
4902007,monster-com-job-sample,has_expired,Boolean
4902008,monster-com-job-sample,job_board,URL
4902009,monster-com-job-sample,job_description,FullText
4902010,monster-com-job-sample,job_title,Name
4902011,monster-com-job-sample,job_type,Category
4902012,monster-com-job-sample,location,Location
4902013,monster-com-job-sample,organization,Location
4902014,monster-com-job-sample,page_url,URL
4902015,monster-com-job-sample,salary,FullText
4902016,monster-com-job-sample,sector,Category
4902017,monster-com-job-sample,uniq_id,Identifier
4901890,ae-com,available_size,Category
4901882,ae-com,brand_name,Name
4901891,ae-com,color,Category
4901885,ae-com,description,FullText
4901879,ae-com,mrp,Numeric
4901881,ae-com,pdp_url,URL
4901880,ae-com,price,Numeric
4901883,ae-com,product_category,Category
4901878,ae-com,product_name,Name
4901884,ae-com,retailer,Identifier
4901888,ae-com,style_attributes,FullText
4901889,ae-com,total_sizes,Category
4901904,amazon-com,available_size,Category
4901896,amazon-com,brand_name,Name
4901905,amazon-com,color,Category
4901899,amazon-com,description,FullText
4901893,amazon-com,mrp,Numeric
4901895,amazon-com,pdp_url,URL
4901894,amazon-com,price,Numeric
4901897,amazon-com,product_category,Category
4901892,amazon-com,product_name,Name
4901898,amazon-com,retailer,Name
4901902,amazon-com,style_attributes,FullText
4901903,amazon-com,total_sizes,Category
4901918,btemptd-com,available_size,Category
4901910,btemptd-com,brand_name,Name
4901919,btemptd-com,color,Category
4901913,btemptd-com,description,FullText
4901907,btemptd-com,mrp,Numeric
4901909,btemptd-com,pdp_url,URL
4901908,btemptd-com,price,Numeric
4901911,btemptd-com,product_category,Category
4901906,btemptd-com,product_name,Name
4901912,btemptd-com,retailer,Name
4901916,btemptd-com,style_attributes,FullText
4901917,btemptd-com,total_sizes,Category
4901932,calvinklein-com,available_size,Category
4901924,calvinklein-com,brand_name,Name
4901933,calvinklein-com,color,Category
4901927,calvinklein-com,description,FullText
4901921,calvinklein-com,mrp,Numeric
4901923,calvinklein-com,pdp_url,URL
4901922,calvinklein-com,price,Numeric
4901925,calvinklein-com,product_category,Category
4901920,calvinklein-com,product_name,FullText
4902236,aka_name,md5sum,Identifier
4902231,aka_name,name,Name
4902233,aka_name,name_pcode_cf,Category
4902234,aka_name,name_pcode_nf,Category
4902235,aka_name,surname_pcode,Category
4902266,aka_title,imdb_index,Category
4902274,aka_title,md5sum,Identifier
4902273,aka_title,note,FullText
4902269,aka_title,phonetic_code,Identifier
4902265,aka_title,title,Name
4902241,cast_info,note,FullText
4902225,char_name,md5sum,Identifier
4902220,char_name,name,Name
4902223,char_name,name_pcode_nf,Identifier
4902224,char_name,surname_pcode,Identifier
4902205,comp_cast_type,kind,Category
4902214,company_name,country_code,Identifier
4902218,company_name,md5sum,Identifier
4902213,company_name,name,Name
4902216,company_name,name_pcode_nf,Identifier
4902217,company_name,name_pcode_sf,Identifier
4902245,company_type,kind,Category
4902294,info_type,info,FullText
4902188,keyword,keyword,Keyword
4902189,keyword,phonetic_code,Identifier
4902207,kind_type,kind,Category
4902276,link_type,link,Category
4902288,movie_companies,note,FullText
4902249,movie_info,info,FullText
4902250,movie_info,note,FullText
4902280,movie_info_idx,info,Numeric
4902194,name,gender,Boolean
4902192,name,imdb_index,Identifier
4902198,name,md5sum,Identifier
4902191,name,name,Name
4902195,name,name_pcode_cf,Identifier
4902196,name,name_pcode_nf,Identifier
4902197,name,surname_pcode,Identifier
4902202,person_info,info,Location
4902203,person_info,note,Contact
4902283,role_type,role,Category
4902253,title,imdb_index,Category
4902262,title,md5sum,Identifier
4902257,title,phonetic_code,Identifier
4902261,title,series_years,DateTime
4902252,title,title,Name
4902481,call_center,cc_call_center_id,Identifier
4902504,call_center,cc_city,Location
4902487,call_center,cc_class,Category
4902499,call_center,cc_company_name,Name
4902508,call_center,cc_country,Location
4902505,call_center,cc_county,Location
4902497,call_center,cc_division_name,Category
4902490,call_center,cc_hours,FullText
4902491,call_center,cc_manager,Name
4902495,call_center,cc_market_manager,Name
4902493,call_center,cc_mkt_class,FullText
4902494,call_center,cc_mkt_desc,FullText
4902486,call_center,cc_name,Name
4902506,call_center,cc_state,Location
4902501,call_center,cc_street_name,Location
4902500,call_center,cc_street_number,Numeric
4902502,call_center,cc_street_type,Category
4902503,call_center,cc_suite_number,FullText
4902507,call_center,cc_zip,Identifier
4902624,catalog_page,cp_catalog_page_id,Identifier
4902627,catalog_page,cp_department,Category
4902630,catalog_page,cp_description,FullText
4902631,catalog_page,cp_type,Category
4902568,customer,c_birth_country,Location
4902555,customer,c_customer_id,Identifier
4902570,customer,c_email_address,Contact
4902562,customer,c_first_name,Name
4902563,customer,c_last_name,Name
4902564,customer,c_preferred_cust_flag,Boolean
4902561,customer,c_salutation,Name
4902325,customer_address,ca_address_id,Identifier
4902330,customer_address,ca_city,Location
4902334,customer_address,ca_country,Location
4902331,customer_address,ca_county,Location
4902336,customer_address,ca_location_type,Category
4902332,customer_address,ca_state,Location
4902327,customer_address,ca_street_name,FullText
4902326,customer_address,ca_street_number,Numeric
4902328,customer_address,ca_street_type,Category
4902329,customer_address,ca_suite_number,Category
4902333,customer_address,ca_zip,Identifier
4902448,customer_demographics,cd_credit_rating,Category
4902446,customer_demographics,cd_education_status,Category
4902444,customer_demographics,cd_gender,Category
4902445,customer_demographics,cd_marital_status,Category
4902384,date_dim,d_current_day,Boolean
4902386,date_dim,d_current_month,Boolean
4902387,date_dim,d_current_quarter,Boolean
4902385,date_dim,d_current_week,Boolean
4902388,date_dim,d_current_year,Boolean
4902362,date_dim,d_date_id,Identifier
4902375,date_dim,d_day_name,Category
4902379,date_dim,d_following_holiday,Boolean
4902377,date_dim,d_holiday,Boolean
4902376,date_dim,d_quarter_name,DateTime
4902378,date_dim,d_weekend,Boolean
4902391,household_demographics,hd_buy_potential,Category
4902460,item,i_brand,Name
4902464,item,i_category,Category
4902462,item,i_class,Category
4902469,item,i_color,Category
4902471,item,i_container,Identifier
4902468,item,i_formulation,Identifier
4902456,item,i_item_desc,FullText
4902453,item,i_item_id,Identifier
4902466,item,i_manufact,Category
4902473,item,i_product_name,Name
4902467,item,i_size,Category
4902470,item,i_units,Category
4902535,promotion,p_channel_catalog,Boolean
4902540,promotion,p_channel_demo,Boolean
4902541,promotion,p_channel_details,FullText
4902533,promotion,p_channel_dmail,Boolean
4902534,promotion,p_channel_email,Boolean
4902539,promotion,p_channel_event,Boolean
4902538,promotion,p_channel_press,Boolean
4902537,promotion,p_channel_radio,Boolean
4902536,promotion,p_channel_tv,Boolean
4902543,promotion,p_discount_active,Boolean
4902526,promotion,p_promo_id,Identifier
4902532,promotion,p_promo_name,FullText
4902542,promotion,p_purpose,Category
4902622,reason,r_reason_desc,FullText
4902621,reason,r_reason_id,Identifier
4902478,ship_mode,sm_carrier,Name
4902477,ship_mode,sm_code,Category
4902479,ship_mode,sm_contract,Identifier
4902475,ship_mode,sm_ship_mode_id,Identifier
4902476,ship_mode,sm_type,Category
4902317,store,s_city,Location
4902312,store,s_company_name,Name
4902321,store,s_country,Location
4902318,store,s_county,Location
4902310,store,s_division_name,Name
4902306,store,s_geography_class,Category
4902303,store,s_hours,DateTime
4902304,store,s_manager,Name
4902307,store,s_market_desc,FullText
4902308,store,s_market_manager,Name
4902319,store,s_state,Location
4902296,store,s_store_id,Identifier
4902300,store,s_store_name,Name
4902314,store,s_street_name,Location
4902313,store,s_street_number,Numeric
4902315,store,s_street_type,Category
4902316,store,s_suite_number,FullText
4902320,store,s_zip,Identifier
4902550,time_dim,t_am_pm,DateTime
4902553,time_dim,t_meal_time,Category
4902551,time_dim,t_shift,Category
4902552,time_dim,t_sub_shift,Category
4902545,time_dim,t_time_id,Identifier
4902519,warehouse,w_city,Location
4902523,warehouse,w_country,Location
4902520,warehouse,w_county,Location
4902521,warehouse,w_state,Location
4902516,warehouse,w_street_name,Location
4902515,warehouse,w_street_number,Numeric
4902517,warehouse,w_street_type,Category
4902518,warehouse,w_suite_number,Identifier
4902512,warehouse,w_warehouse_id,Identifier
4902513,warehouse,w_warehouse_name,Name
4902522,warehouse,w_zip,Location
4902585,web_page,wp_autogen_flag,Boolean
4902588,web_page,wp_type,Category
4902587,web_page,wp_url,URL
4902580,web_page,wp_web_page_id,Identifier
4902436,web_site,web_city,Location
4902424,web_site,web_class,Category
4902431,web_site,web_company_name,Name
4902440,web_site,web_country,Location
4902437,web_site,web_county,Location
4902425,web_site,web_manager,Name
4902429,web_site,web_market_manager,Name
4902427,web_site,web_mkt_class,FullText
4902428,web_site,web_mkt_desc,FullText
4902421,web_site,web_name,Name
4902418,web_site,web_site_id,Identifier
4902438,web_site,web_state,Location
4902433,web_site,web_street_name,Location
4902432,web_site,web_street_number,Numeric
4902434,web_site,web_street_type,Category
4902435,web_site,web_suite_number,FullText
4902439,web_site,web_zip,Identifier
4902770,customer,c_address,Identifier
4902775,customer,c_comment,FullText
4902774,customer,c_mktsegment,Category
4902769,customer,c_name,Name
4902772,customer,c_phone,Contact
4902751,lineitem,l_comment,FullText
4902745,lineitem,l_linestatus,Category
4902744,lineitem,l_returnflag,Category
4902749,lineitem,l_shipinstruct,Category
4902750,lineitem,l_shipmode,Category
4902767,nation,n_comment,FullText
4902765,nation,n_name,Name
4902758,orders,o_clerk,Identifier
4902760,orders,o_comment,FullText
4902757,orders,o_orderpriority,Category
4902754,orders,o_orderstatus,Category
4902723,part,p_brand,Category
4902728,part,p_comment,FullText
4902726,part,p_container,Category
4902722,part,p_mfgr,Category
4902721,part,p_name,FullText
4902724,part,p_type,Category
4902780,partsupp,ps_comment,FullText
4902763,region,r_comment,FullText
4902762,region,r_name,Name
4902731,supplier,s_address,Identifier
4902735,supplier,s_comment,FullText
4902730,supplier,s_name,Name
4902733,supplier,s_phone,Contact
4902805,badges,Name,Category
4902818,closereasontypes,Name,Category
4902862,comments,ContentLicense,Category
4902858,comments,Text,FullText
4902860,comments,UserDisplayName,Name
4902852,linktypes,Name,Category
4902848,posthistory,Comment,FullText
4902850,posthistory,ContentLicense,Category
4902844,posthistory,RevisionGUID,Identifier
4902849,posthistory,Text,FullText
4902847,posthistory,UserDisplayName,Name
4902816,posthistorytypes,Name,Name
4902826,posts,Body,FullText
4902840,posts,ContentLicense,Category
4902830,posts,LastEditorDisplayName,Name
4902828,posts,OwnerDisplayName,Name
4902834,posts,Tags,Category
4902833,posts,Title,FullText
4902789,posttypes,Name,Name
4902782,tags,TagName,Name
4902797,users,AboutMe,FullText
4902793,users,DisplayName,Name
4902796,users,Location,Location
4902795,users,WebsiteUrl,URL
4902854,votetypes,Name,Name
4903054,call_center,cc_call_center_id,Identifier
4903077,call_center,cc_city,Location
4903060,call_center,cc_class,Category
4903072,call_center,cc_company_name,Name
4903081,call_center,cc_country,Location
4903078,call_center,cc_county,Location
4903070,call_center,cc_division_name,Name
4903063,call_center,cc_hours,DateTime
4903064,call_center,cc_manager,Name
4903068,call_center,cc_market_manager,Name
4903066,call_center,cc_mkt_class,FullText
4903067,call_center,cc_mkt_desc,FullText
4903059,call_center,cc_name,Name
4903079,call_center,cc_state,Location
4903074,call_center,cc_street_name,Location
4903073,call_center,cc_street_number,Numeric
4903075,call_center,cc_street_type,Location
4903076,call_center,cc_suite_number,Semistructured
4903080,call_center,cc_zip,Identifier
4903197,catalog_page,cp_catalog_page_id,Identifier
4903200,catalog_page,cp_department,Category
4903203,catalog_page,cp_description,FullText
4903204,catalog_page,cp_type,Category
4903141,customer,c_birth_country,Location
4903128,customer,c_customer_id,Identifier
4903143,customer,c_email_address,Contact
4903135,customer,c_first_name,Name
4903136,customer,c_last_name,Name
4903137,customer,c_preferred_cust_flag,Boolean
4903134,customer,c_salutation,Category
4902898,customer_address,ca_address_id,Identifier
4902903,customer_address,ca_city,Location
4902907,customer_address,ca_country,Location
4902904,customer_address,ca_county,Location
4902909,customer_address,ca_location_type,Category
4902905,customer_address,ca_state,Location
4902900,customer_address,ca_street_name,FullText
4902899,customer_address,ca_street_number,Numeric
4902901,customer_address,ca_street_type,Category
4902902,customer_address,ca_suite_number,FullText
4902906,customer_address,ca_zip,Identifier
4903021,customer_demographics,cd_credit_rating,Category
4903019,customer_demographics,cd_education_status,Category
4903017,customer_demographics,cd_gender,Name
4903018,customer_demographics,cd_marital_status,Category
4902957,date_dim,d_current_day,Boolean
4902959,date_dim,d_current_month,Boolean
4902960,date_dim,d_current_quarter,Boolean
4902958,date_dim,d_current_week,Boolean
4902961,date_dim,d_current_year,Boolean
4902935,date_dim,d_date_id,Identifier
4902948,date_dim,d_day_name,Category
4902952,date_dim,d_following_holiday,Boolean
4902950,date_dim,d_holiday,Boolean
4902949,date_dim,d_quarter_name,Identifier
4902951,date_dim,d_weekend,Boolean
4902964,household_demographics,hd_buy_potential,Category
4903033,item,i_brand,Category
4903037,item,i_category,Category
4903035,item,i_class,Category
4903042,item,i_color,Category
4903044,item,i_container,Category
4903041,item,i_formulation,Identifier
4903029,item,i_item_desc,FullText
4903026,item,i_item_id,Identifier
4903039,item,i_manufact,Location
4903046,item,i_product_name,Name
4903040,item,i_size,Category
4903043,item,i_units,Category
4903108,promotion,p_channel_catalog,Boolean
4903113,promotion,p_channel_demo,Boolean
4903114,promotion,p_channel_details,FullText
4903106,promotion,p_channel_dmail,Boolean
4903107,promotion,p_channel_email,Boolean
4903112,promotion,p_channel_event,Boolean
4903111,promotion,p_channel_press,Boolean
4903110,promotion,p_channel_radio,Boolean
4903109,promotion,p_channel_tv,Boolean
4903116,promotion,p_discount_active,Boolean
4903099,promotion,p_promo_id,Identifier
4903105,promotion,p_promo_name,FullText
4903115,promotion,p_purpose,Test
4903195,reason,r_reason_desc,FullText
4903194,reason,r_reason_id,Identifier
4903051,ship_mode,sm_carrier,Category
4903050,ship_mode,sm_code,Category
4903052,ship_mode,sm_contract,Identifier
4903048,ship_mode,sm_ship_mode_id,Identifier
4903049,ship_mode,sm_type,Category
4902890,store,s_city,Location
4902885,store,s_company_name,Name
4902894,store,s_country,Location
4902891,store,s_county,Location
4902883,store,s_division_name,Name
4902879,store,s_geography_class,Category
4902876,store,s_hours,FullText
4902877,store,s_manager,Name
4902880,store,s_market_desc,FullText
4902881,store,s_market_manager,Name
4902892,store,s_state,Location
4902869,store,s_store_id,Identifier
4902873,store,s_store_name,Name
4902887,store,s_street_name,Location
4902886,store,s_street_number,Numeric
4902888,store,s_street_type,Category
4902889,store,s_suite_number,FullText
4902893,store,s_zip,Location
4903123,time_dim,t_am_pm,Category
4903126,time_dim,t_meal_time,Category
4903124,time_dim,t_shift,Category
4903125,time_dim,t_sub_shift,Category
4903118,time_dim,t_time_id,Identifier
4903092,warehouse,w_city,Location
4903096,warehouse,w_country,Location
4903093,warehouse,w_county,Location
4903094,warehouse,w_state,Location
4903089,warehouse,w_street_name,Location
4903088,warehouse,w_street_number,Numeric
4903090,warehouse,w_street_type,Location
4903091,warehouse,w_suite_number,FullText
4903085,warehouse,w_warehouse_id,Identifier
4903086,warehouse,w_warehouse_name,Name
4903095,warehouse,w_zip,Identifier
4903158,web_page,wp_autogen_flag,Boolean
4903161,web_page,wp_type,Category
4903160,web_page,wp_url,URL
4903153,web_page,wp_web_page_id,Identifier
4903009,web_site,web_city,Location
4902997,web_site,web_class,Category
4903004,web_site,web_company_name,Name
4903013,web_site,web_country,Location
4903010,web_site,web_county,Location
4902998,web_site,web_manager,Name
4903002,web_site,web_market_manager,Name
4903000,web_site,web_mkt_class,FullText
4903001,web_site,web_mkt_desc,FullText
4902994,web_site,web_name,Test
4902991,web_site,web_site_id,Identifier
4903011,web_site,web_state,Location
4903006,web_site,web_street_name,FullText
4903005,web_site,web_street_number,Numeric
4903007,web_site,web_street_type,Category
4903008,web_site,web_suite_number,Identifier
4903012,web_site,web_zip,Identifier
4903343,customer,c_address,Semistructured
4903348,customer,c_comment,FullText
4903347,customer,c_mktsegment,Category
4903342,customer,c_name,Identifier
4903345,customer,c_phone,Contact
4903324,lineitem,l_comment,FullText
4903318,lineitem,l_linestatus,Boolean
4903317,lineitem,l_returnflag,Category
4903322,lineitem,l_shipinstruct,Category
4903323,lineitem,l_shipmode,Category
4903340,nation,n_comment,FullText
4903338,nation,n_name,Name
4903331,orders,o_clerk,Identifier
4903333,orders,o_comment,FullText
4903330,orders,o_orderpriority,Category
4903327,orders,o_orderstatus,Category
4903296,part,p_brand,Category
4903301,part,p_comment,FullText
4903299,part,p_container,Category
4903295,part,p_mfgr,Identifier
4903294,part,p_name,Name
4903297,part,p_type,Category
4903353,partsupp,ps_comment,FullText
4903336,region,r_comment,FullText
4903335,region,r_name,Category
4903304,supplier,s_address,Location
4903308,supplier,s_comment,FullText
4903303,supplier,s_name,Identifier
4903306,supplier,s_phone,Contact
4901926,calvinklein-com,retailer,Name
4901930,calvinklein-com,style_attributes,Semistructured
4901931,calvinklein-com,total_sizes,Semistructured
4901946,hankypanky-com,available_size,Category
4901938,hankypanky-com,brand_name,Name
4901947,hankypanky-com,color,Category
4901941,hankypanky-com,description,FullText
4901935,hankypanky-com,mrp,Numeric
4901937,hankypanky-com,pdp_url,URL
4901936,hankypanky-com,price,Numeric
4901939,hankypanky-com,product_category,Category
4901934,hankypanky-com,product_name,Name
4901940,hankypanky-com,retailer,Name
4901944,hankypanky-com,style_attributes,Semistructured
4901945,hankypanky-com,total_sizes,Category
4901960,macys-com,available_size,Category
4901952,macys-com,brand_name,Name
4901961,macys-com,color,FullText
4901955,macys-com,description,FullText
4901949,macys-com,mrp,Numeric
4901951,macys-com,pdp_url,URL
4901950,macys-com,price,Numeric
4901953,macys-com,product_category,Category
4901948,macys-com,product_name,Name
4901954,macys-com,retailer,Identifier
4901958,macys-com,style_attributes,Semistructured
4901959,macys-com,total_sizes,Semistructured
4901974,shop-nordstrom-com,available_size,Semistructured
4901966,shop-nordstrom-com,brand_name,Name
4901975,shop-nordstrom-com,color,Category
4901969,shop-nordstrom-com,description,FullText
4901963,shop-nordstrom-com,mrp,Numeric
4901965,shop-nordstrom-com,pdp_url,URL
4901964,shop-nordstrom-com,price,Numeric
4901967,shop-nordstrom-com,product_category,Category
4901962,shop-nordstrom-com,product_name,Name
4901968,shop-nordstrom-com,retailer,Identifier
4901972,shop-nordstrom-com,style_attributes,Semistructured
4901973,shop-nordstrom-com,total_sizes,Semistructured
4901988,us-topshop-com,available_size,Semistructured
4901980,us-topshop-com,brand_name,Name
4901989,us-topshop-com,color,Category
4901983,us-topshop-com,description,FullText
4901977,us-topshop-com,mrp,Numeric
4901979,us-topshop-com,pdp_url,URL
4901978,us-topshop-com,price,Numeric
4901981,us-topshop-com,product_category,Category
4901976,us-topshop-com,product_name,Name
4901982,us-topshop-com,retailer,Name
4901987,us-topshop-com,total_sizes,Semistructured
4902002,victoriassecret-com,available_size,Category
4901994,victoriassecret-com,brand_name,Name
4902003,victoriassecret-com,color,FullText
4901997,victoriassecret-com,description,FullText
4901991,victoriassecret-com,mrp,Numeric
4901993,victoriassecret-com,pdp_url,URL
4901992,victoriassecret-com,price,Numeric
4901995,victoriassecret-com,product_category,Category
4901990,victoriassecret-com,product_name,Name
4901996,victoriassecret-com,retailer,Name
4902001,victoriassecret-com,total_sizes,Semistructured
4901871,imdb-movie-data,Actors,Semistructured
4901869,imdb-movie-data,Description,FullText
4901870,imdb-movie-data,Director,Name
4901868,imdb-movie-data,Genre,Category
4901867,imdb-movie-data,Title,Name
4901864,flipkart-com-ecommerce-sample,brand,Category
4901852,flipkart-com-ecommerce-sample,crawl_timestamp,DateTime
4901861,flipkart-com-ecommerce-sample,description,FullText
4901859,flipkart-com-ecommerce-sample,image,URL
4901863,flipkart-com-ecommerce-sample,overall_rating,Numeric
4901856,flipkart-com-ecommerce-sample,pid,Identifier
4901855,flipkart-com-ecommerce-sample,product_category_tree,Semistructured
4901854,flipkart-com-ecommerce-sample,product_name,Name
4901862,flipkart-com-ecommerce-sample,product_rating,Numeric
4901865,flipkart-com-ecommerce-sample,product_specifications,Semistructured
4901853,flipkart-com-ecommerce-sample,product_url,URL
4901851,flipkart-com-ecommerce-sample,uniq_id,Identifier
4901846,amazon-unlocked-mobile,Brand Name,Name
4901845,amazon-unlocked-mobile,Product Name,Name
4901849,amazon-unlocked-mobile,Reviews,FullText
4901824,complete,city,Location
4901830,complete,comments,FullText
4901826,complete,country,Location
4901831,complete,date posted,DateTime
4901823,complete,datetime,DateTime
4901829,complete,duration (hours/min),FullText
4901828,complete,duration (seconds),Numeric
4901832,complete,latitude,Numeric
4901827,complete,shape,Category
4901825,complete,state,Identifier
4901835,scrubbed,city,Location
4901841,scrubbed,comments,FullText
4901837,scrubbed,country,Location
4901842,scrubbed,date posted,DateTime
4901834,scrubbed,datetime,DateTime
4901840,scrubbed,duration (hours/min),FullText
4901839,scrubbed,duration (seconds),Numeric
4901843,scrubbed,latitude,Location
4901838,scrubbed,shape,Category
4901836,scrubbed,state,Location
4901795,mort,Category,Category
4901793,mort,Location,Location
4899588,aichi--ai-xi-kana--isaai,calendar_date,DateTime
4899603,aichi--aki-kana--azo,calendar_date,DateTime
4899618,aichi--centrair-kana--centrair,calendar_date,DateTime
4899633,aichi--gamagori-kana--gamagori,calendar_date,DateTime
4899648,aichi--horai-kana--horai----2002-12-24,calendar_date,DateTime
4899663,aichi--ikki-kana--ishiki,calendar_date,DateTime
4899678,aichi--inake-kana--inab,calendar_date,DateTime
4899693,aichi--iragaka-kana--iraco,calendar_date,DateTime
4899708,aichi--kanie-kana--kanye,calendar_date,DateTime
4899723,aichi--okazaki-kana--okazaki,calendar_date,DateTime
4899738,aichi--oku-kana--oobu,calendar_date,DateTime
4899753,aichi--shingo-castle--shinshiro,calendar_date,DateTime
4899768,aichi--tahara-kana--tahala,calendar_date,DateTime
4899783,aichi--tokai-kana--none----2012-10-17,calendar_date,DateTime
4899798,aichi--toyota-kana--toyota,calendar_date,DateTime
4899813,aichi--writer-katakana--tsukodee,calendar_date,DateTime
4899828,akita--ai-no-kana--aniayi,calendar_date,DateTime
4899843,akita--armored-field-kana--yoroi-bata,calendar_date,DateTime
4899858,akita--fujisato-kana--fujisato,calendar_date,DateTime
4899873,akita--hachimantai-kaa--hachimantai,calendar_date,DateTime
4899888,akita--hachimori-kana--hachimori,calendar_date,DateTime
4899903,akita--higase-gen-kana--higa-shinsei,calendar_date,DateTime
4899918,akita--hinoki-inside-kana--hinokinai,calendar_date,DateTime
4899933,akita--honjo-cana--honjo,calendar_date,DateTime
4899948,akita--iwami-sanchi-kana--iwamisannai,calendar_date,DateTime
4899963,akita--jinja-kana--jimba,calendar_date,DateTime
4899978,akita--kakunoda-kana--kakunodate,calendar_date,DateTime
4899993,akita--keumuyama-kana--holohayama----2005-04-20,calendar_date,DateTime
4900008,akita--mikiyama-sana--mitsumoriyama----1994-10-05,calendar_date,DateTime
4900023,akita--mt-ukaidoyama--ubaidoyama----1983-09-12,calendar_date,DateTime
4900038,akita--none--uno-tay,calendar_date,DateTime
4900053,akita--noritakana--nibetsu,calendar_date,DateTime
4900068,akita--oga-kana--oga,calendar_date,DateTime
4900083,akita--oga-makayama-kana--ogachinesan,calendar_date,DateTime
4900098,akita--oga-motoyama-kana--ogahonzan----1984-11-01,calendar_date,DateTime
4900113,akita--ogata-kana--ogata,calendar_date,DateTime
4900128,akita--okae-kana--oomagari,calendar_date,DateTime
4900143,akita--sasako-kana--ginego,calendar_date,DateTime
4900158,akita--shingakami-kana--wakigami,calendar_date,DateTime
4900173,akita--sugizawa-mountain-kana--sugisawayama----1983-09-20,calendar_date,DateTime
4900188,akita--taiheiyama-kana--tai-haisan----1984-10-31,calendar_date,DateTime
4900203,akita--takanosu-kana--takanos,calendar_date,DateTime
4900218,akita--tashiro-mountain-cana--tasilodake----2005-04-20,calendar_date,DateTime
4900233,akita--tazawako-kana--tazawaco,calendar_date,DateTime
4900248,akita--tazawako-takahara-kana--tazawa-cocogen,calendar_date,DateTime
4900263,akita--tohru-kana--higashi-yuri,calendar_date,DateTime
4900278,akita--yokote-kana--none,calendar_date,DateTime
4900293,akita--yuwa-kana--yuwa,calendar_date,DateTime
4900308,akita--yuzawa-kana--yuzawa,calendar_date,DateTime
4900323,aomori--aomori-kana--aomori,calendar_date,DateTime
4900338,aomori--asahina-mountain-kana--asahinada-dake----2009-11-02,calendar_date,DateTime
4900353,aomori--fukaura-kana--fukaura,calendar_date,DateTime
4900368,aomori--goshogawara-kana--goshogawara,calendar_date,DateTime
4900383,aomori--hachinohe-kana--hachinoho,calendar_date,DateTime
4900398,aomori--hakkoda-mountain-kana--hakko-dasan----2009-11-02,calendar_date,DateTime
4900413,aomori--hikawa-kana--nurkawa,calendar_date,DateTime
4900428,aomori--hirosaki-kana--hirosaki,calendar_date,DateTime
4900443,aomori--holiday-kana--yasumiya,calendar_date,DateTime
4900458,aomori--kanita-kana--kanita,calendar_date,DateTime
4900473,aomori--kuroishi-kana--kuroishi,calendar_date,DateTime
4900488,aomori--masaruyama-kana--kenasiyama----1983-09-12,calendar_date,DateTime
4900503,aomori--misawa-kana--misawa,calendar_date,DateTime
4900518,aomori--mito-kana--san-noghe,calendar_date,DateTime
4900533,aomori--mt-katakana--none,calendar_date,DateTime
4900548,aomori--mt-sorakuyama--soradayama----1994-10-26,calendar_date,DateTime
4900563,aomori--mutsukana--mutsu,calendar_date,DateTime
4900578,aomori--nagoya-ping-kana--chow-kei-daira----1977-09-01,calendar_date,DateTime
4900593,aomori--nobeyama-kana--north-hegi,calendar_date,DateTime
4900608,aomori--oma-kana--ooma,calendar_date,DateTime
4900623,aomori--owani-kana--owani,calendar_date,DateTime
4900638,aomori--rokkasho-kana--roccasso,calendar_date,DateTime
4900653,aomori--shichido-kana--none,calendar_date,DateTime
4900668,aomori--shiomon-mori-kana--shi-hei-mori----1996-10-14,calendar_date,DateTime
4900683,aomori--shoji-shanji-kana--shousuyama----2005-10-21,calendar_date,DateTime
4900698,aomori--togani-katakana--heli,calendar_date,DateTime
4900713,aomori--wakinozawa-kana--wakinoosawa,calendar_date,DateTime
4900728,aomori--yamato-mountain-kana--yamatoyama,calendar_date,DateTime
4900743,aomori--yunogawa-kana--yunokawa,calendar_date,DateTime
4900758,chiba--abiko-kana--abiko,calendar_date,DateTime
4900773,chiba--funabashi-kana--funabashi,calendar_date,DateTime
4900788,chiba--kamogawa-kana--camogawa,calendar_date,DateTime
4900803,chiba--katsuura-kana--katsuura,calendar_date,DateTime
4900818,chiba--kisarazu-kana--xalaatz,calendar_date,DateTime
4900833,chiba--otaki-kana--otaky,calendar_date,DateTime
4900848,chiba--sakabata-kana--sakahata,calendar_date,DateTime
4900863,chiba--sawan-kana--kyanan,calendar_date,DateTime
4900878,chiba--yokoshiba-light-kana--yoshoshiba-bahikari,calendar_date,DateTime
4900893,ehime--gyoza-kana--mishou,calendar_date,DateTime
4900908,ehime--imabari-kana--imabari,calendar_date,DateTime
4900923,ehime--kamibayashi-kana--kamihayashi,calendar_date,DateTime
4900938,ehime--konaga-kana--tikanaga,calendar_date,DateTime
4900953,ehime--kuma-kana--bear,calendar_date,DateTime
4900968,ehime--matsuyama-kana--matsuyama,calendar_date,DateTime
4900983,ehime--misaki-kana--misaki----1997-07-30,calendar_date,DateTime
4900998,ehime--nagahama-kana--nagahama,calendar_date,DateTime
4901013,ehime--nakayama-kana--nakayama,calendar_date,DateTime
4901028,ehime--niihama-kana--niihama,calendar_date,DateTime
4901043,ehime--osu-kana--oos,calendar_date,DateTime
4901058,ehime--otasima-kana--oomishima,calendar_date,DateTime
4901073,ehime--seto-kana--none,calendar_date,DateTime
4901088,ehime--shishigoshigo-kana--shishigo-itoge,calendar_date,DateTime
4901103,ehime--yawatahama-kana--yawata-hama,calendar_date,DateTime
4901118,fukui--chunchee-kana--haru,calendar_date,DateTime
4901133,fukui--imajo-kana--imago,calendar_date,DateTime
4901148,fukui--itagaki-kana--itagaki----2009-11-02,calendar_date,DateTime
4901163,fukui--kasuga-kana--kasugano----2005-10-26,calendar_date,DateTime
4901178,fukui--katsuyama-kana--katsuyama,calendar_date,DateTime
4901193,fukui--kawakami-kana--kawakami----1995-11-10,calendar_date,DateTime
4901208,fukui--koshika-kana--koshino,calendar_date,DateTime
4901223,fukui--kuzuryuu-kana--kuzulyn,calendar_date,DateTime
4699339,act_ge_property,name_,Category
4699340,act_ge_property,value_,FullText
4699402,act_re_procdef,category_,URL
4699406,act_re_procdef,deployment_id_,Identifier
4699408,act_re_procdef,dgrm_resource_name_,URL
4699400,act_re_procdef,id_,Identifier
4699404,act_re_procdef,key_,Category
4699403,act_re_procdef,name_,Name
4699407,act_re_procdef,resource_name_,Identifier
4699628,cms_article_data,allow_comment,Boolean
4699625,cms_article_data,content,FullText
4699626,cms_article_data,copyfrom,Category
4699624,cms_article_data,id,Identifier
4699627,cms_article_data,relation,Semistructured
4699116,gen_scheme,category,Category
4699124,gen_scheme,create_by,Identifier
4699129,gen_scheme,del_flag,Boolean
4699122,gen_scheme,function_author,Name
4699120,gen_scheme,function_name,FullText
4699121,gen_scheme,function_name_simple,FullText
4699123,gen_scheme,gen_table_id,Identifier
4699114,gen_scheme,id,Identifier
4699118,gen_scheme,module_name,Test
4699115,gen_scheme,name,Name
4699117,gen_scheme,package_name,Identifier
4699126,gen_scheme,update_by,Identifier
4699133,gen_table,class_name,Category
4699132,gen_table,comments,FullText
4699136,gen_table,create_by,Identifier
4699141,gen_table,del_flag,Boolean
4699130,gen_table,id,Identifier
4699131,gen_table,name,Name
4699134,gen_table,parent_table,Location
4699135,gen_table,parent_table_fk,Identifier
4699138,gen_table,update_by,Numeric
4903373,gen_table_column,comments,FullText
4699145,gen_table_column,comments,FullText
4783234,gen_table_column,comments,FullText
4783249,gen_table_column,create_by,Identifier
4699160,gen_table_column,create_by,Identifier
4903388,gen_table_column,create_by,Identifier
4903389,gen_table_column,create_date,DateTime
4783250,gen_table_column,create_date,DateTime
4783254,gen_table_column,del_flag,Boolean
4699165,gen_table_column,del_flag,Boolean
4903393,gen_table_column,del_flag,Boolean
4903385,gen_table_column,dict_type,Category
4699157,gen_table_column,dict_type,Category
4783246,gen_table_column,dict_type,Category
4699143,gen_table_column,gen_table_id,Identifier
4783232,gen_table_column,gen_table_id,Identifier
4903371,gen_table_column,gen_table_id,Identifier
4783231,gen_table_column,id,Identifier
4903370,gen_table_column,id,Identifier
4699142,gen_table_column,id,Identifier
4783241,gen_table_column,is_edit,Boolean
4903380,gen_table_column,is_edit,Boolean
4699152,gen_table_column,is_edit,Boolean
4783240,gen_table_column,is_insert,Boolean
4903379,gen_table_column,is_insert,Boolean
4699151,gen_table_column,is_insert,Boolean
4699153,gen_table_column,is_list,Boolean
4783242,gen_table_column,is_list,Boolean
4903381,gen_table_column,is_list,Boolean
4699150,gen_table_column,is_null,Boolean
4903378,gen_table_column,is_null,Boolean
4783239,gen_table_column,is_null,Boolean
4699149,gen_table_column,is_pk,Boolean
4903377,gen_table_column,is_pk,Boolean
4783238,gen_table_column,is_pk,Boolean
4783243,gen_table_column,is_query,Boolean
4903382,gen_table_column,is_query,Boolean
4699154,gen_table_column,is_query,Boolean
4699148,gen_table_column,java_field,Semistructured
4783237,gen_table_column,java_field,Semistructured
4903376,gen_table_column,java_field,Semistructured
4903375,gen_table_column,java_type,Semistructured
4783236,gen_table_column,java_type,Semistructured
4699147,gen_table_column,java_type,Semistructured
4783235,gen_table_column,jdbc_type,Test
4699146,gen_table_column,jdbc_type,Test
4903374,gen_table_column,jdbc_type,Test
4783233,gen_table_column,name,Name
4903372,gen_table_column,name,Name
4699144,gen_table_column,name,Name
4699155,gen_table_column,query_type,Category
4903383,gen_table_column,query_type,Category
4783244,gen_table_column,query_type,Category
4699156,gen_table_column,show_type,Category
4783245,gen_table_column,show_type,Category
4903384,gen_table_column,show_type,Category
4699162,gen_table_column,update_by,Identifier
4783251,gen_table_column,update_by,Identifier
4903390,gen_table_column,update_by,Identifier
4783252,gen_table_column,update_date,DateTime
4903391,gen_table_column,update_date,DateTime
4699270,sys_menu,create_by,Numeric
4903364,sys_menu,create_by,Numeric
4796547,sys_menu,create_by,Numeric
4903365,sys_menu,create_date,DateTime
4796548,sys_menu,create_date,DateTime
4699275,sys_menu,del_flag,Boolean
4903369,sys_menu,del_flag,Boolean
4796552,sys_menu,del_flag,Boolean
4699265,sys_menu,href,URL
4796542,sys_menu,href,URL
4903359,sys_menu,href,URL
4796537,sys_menu,id,Identifier
4699260,sys_menu,id,Identifier
4903354,sys_menu,id,Identifier
4796545,sys_menu,is_show,Boolean
4699268,sys_menu,is_show,Boolean
4903362,sys_menu,is_show,Boolean
4903357,sys_menu,name,Name
4699263,sys_menu,name,Name
4796540,sys_menu,name,Name
4903355,sys_menu,parent_id,Identifier
4699261,sys_menu,parent_id,Identifier
4796538,sys_menu,parent_id,Identifier
4699262,sys_menu,parent_ids,Semistructured
4903356,sys_menu,parent_ids,Semistructured
4796539,sys_menu,parent_ids,Semistructured
4903363,sys_menu,permission,Test
4796546,sys_menu,permission,Test
4699269,sys_menu,permission,Test
4796549,sys_menu,update_by,Identifier
4699272,sys_menu,update_by,Identifier
4903366,sys_menu,update_by,Identifier
4903367,sys_menu,update_date,DateTime
4796550,sys_menu,update_date,DateTime
4699308,sys_role,create_by,Identifier
4699305,sys_role,data_scope,Category
4699313,sys_role,del_flag,Boolean
4699303,sys_role,enname,Category
4699300,sys_role,id,Identifier
4699302,sys_role,name,Name
4699301,sys_role,office_id,Identifier
4699304,sys_role,role_type,Category
4699310,sys_role,update_by,Identifier
4699307,sys_role,useable,Boolean
4699315,sys_role_menu,menu_id,Identifier
4699314,sys_role_menu,role_id,Identifier
4699317,sys_role_office,office_id,Identifier
4699316,sys_role_office,role_id,Identifier
4699319,sys_user,company_id,Identifier
4699333,sys_user,create_by,Identifier
4699338,sys_user,del_flag,Boolean
4699325,sys_user,email,Contact
4699318,sys_user,id,Identifier
4699332,sys_user,login_flag,Boolean
4699330,sys_user,login_ip,Location
4699321,sys_user,login_name,Name
4699327,sys_user,mobile,Contact
4699324,sys_user,name,Name
4699323,sys_user,no,Identifier
4699320,sys_user,office_id,Identifier
4699322,sys_user,password,Identifier
4699326,sys_user,phone,Contact
4699337,sys_user,remarks,FullText
4699335,sys_user,update_by,Identifier
4699067,sys_user_role,role_id,Identifier
4699066,sys_user_role,user_id,Identifier
4699012,b_active_channel,channelname,Name
4698776,b_app_update,appupdate,Test
4698635,b_area_rule,description,FullText
4698634,b_area_rule,rulename,Name
4698785,b_merchant,name,Name
4698798,b_prize,enable,Boolean
4698789,b_prize,name,Name
4698794,b_prize,url,URL
4698803,b_prize_stock,code,Identifier
4698804,b_prize_stock,name,Name
4698807,b_prize_stock,status,Boolean
4903426,b_promotion,begintime,DateTime
4796609,b_promotion,begintime,DateTime
4796615,b_promotion,classname,Semistructured
4903432,b_promotion,classname,Semistructured
4903425,b_promotion,createtime,DateTime
4796608,b_promotion,createtime,DateTime
4903427,b_promotion,endtime,DateTime
4796610,b_promotion,endtime,DateTime
4903431,b_promotion,info,Semistructured
4796614,b_promotion,info,Semistructured
4796622,b_promotion,isinstance,Boolean
4903439,b_promotion,isinstance,Boolean
4903433,b_promotion,isota,Boolean
4796616,b_promotion,isota,Boolean
4903429,b_promotion,isticket,Boolean
4796612,b_promotion,isticket,Boolean
4903424,b_promotion,name,Name
4796607,b_promotion,name,Name
4698949,b_promotion_rule,id,Identifier
4698950,b_promotion_rule,promotionid,Identifier
4698951,b_promotion_rule,rulecode,Identifier
4698952,b_promotion_rule,ruleformula,Numeric
4698953,b_promotion_rule_code,id,Identifier
4698955,b_promotion_rule_code,rulecode,Identifier
4698957,b_promotion_rule_code,ruledetail,FullText
4698954,b_promotion_rule_code,ruletype,Category
4903403,s_areainfo,areaname,Location
4796586,s_areainfo,areaname,Location
4903407,s_areainfo,citycode,Identifier
4796590,s_areainfo,citycode,Identifier
4796587,s_areainfo,pinyin,FullText
4903404,s_areainfo,pinyin,FullText
4903422,s_landmark,citycode,Identifier
4796605,s_landmark,citycode,Identifier
4903417,s_landmark,landmarkname,Name
4796600,s_landmark,landmarkname,Name
4903418,s_landmark,pinyin,FullText
4796601,s_landmark,pinyin,FullText
4903394,s_positiontype,id,Identifier
4796577,s_positiontype,id,Identifier
4796578,s_positiontype,typename,Category
4903395,s_positiontype,typename,Category
4903398,s_subway,citycode,Identifier
4783259,s_subway,citycode,Identifier
4903397,s_subway,linename,Category
4783258,s_subway,linename,Category
4783276,s_subway_stations,citycode,Identifier
4903415,s_subway_stations,citycode,Identifier
4783275,s_subway_stations,pinyin,FullText
4903414,s_subway_stations,pinyin,FullText
4783272,s_subway_stations,stationname,Name
4903411,s_subway_stations,stationname,Name
4783260,sy_config,skey,Identifier
4903399,sy_config,skey,Identifier
4903401,sy_config,stype,Identifier
4783262,sy_config,stype,Identifier
4783261,sy_config,svalue,FullText
4903400,sy_config,svalue,FullText
4698967,t_hotel_score_mark,isdelete,Boolean
4698966,t_hotel_score_mark,mark,Category
4698986,t_order_promo_pay_rule,create_by,Identifier
4698987,t_order_promo_pay_rule,update_by,Identifier
4698614,u_message_provider,providerclass,Semistructured
4698612,u_message_provider,providername,Category
4698549,todoitem,title,FullText
4698545,user,email,Email
4698544,user,name,Name
4698546,user,password,Test
4698411,inventory,product_id,Identifier
4698409,orders,order_id,Identifier
4698406,partner_mapping,partner_id,Identifier
4698407,partner_mapping,partner_product_id,Identifier
4698408,partner_mapping,store_product_id,Identifier
4698402,product,id,Identifier
4698403,product,name,Name
4698437,qrtz_locks,lock_name,Category
4783319,m_user,email,Contact
4698144,m_user,email,Contact
4903458,m_user,email,Contact
4903457,m_user,nickname,Name
4783318,m_user,nickname,Name
4698142,m_user,nickname,Name
4783320,m_user,password,Identifier
4698145,m_user,password,Identifier
4903459,m_user,password,Identifier
4698151,m_user,profile_image_url,URL
4903460,m_user,profile_image_url,URL
4783321,m_user,profile_image_url,URL
4698141,m_user,userid,Email
4783317,m_user,userid,Email
4903456,m_user,userid,Email
4698000,aircraft,aname,Name
4697990,borrow,bname,Name
4697989,borrow,cname,Name
4697981,branch,bname,Name
4697982,branch,city,Location
4698040,client,c_address,Location
4698041,client,c_city,Location
4698039,client,c_name,Name
4698038,client,c_no,Identifier
4698043,client,c_state,Location
4698087,customer,city,Location
4698086,customer,cname,Name
4698075,department,dname,Category
4697985,deposit,bname,Name
4697984,deposit,cname,Name
4698023,dept,dept_name,Category
4698062,deptt,dept_name,Category
4698071,emp,ename,Name
4698068,employee,designation,Category
4698064,employee,ename,Name
4698003,employees,ename,Name
4698021,guest,address,Location
4698020,guest,name,Name
4698009,hotel,address,Location
4698008,hotel,name,Name
4698047,orders,c_no,Identifier
4698049,orders,o_bill_status,Boolean
4698045,orders,o_no,Identifier
4698048,orders,s_no,Identifier
4698112,p_order,bill_status,Boolean
4698110,p_order,c_no,Identifier
4698111,p_order,s_no,Identifier
4698107,product,p_mfd,Name
4698105,product,p_name,Name
4698098,project,pname,Name
4698012,room,type,Category
4698037,sales,customername,Name
4698052,salesman,s_address,Location
4698053,salesman,s_city,Location
4698051,salesman,s_name,Name
4698060,salesman,s_no,Identifier
4698055,salesman,s_state,Location
4698083,salespeople,city,Location
4698082,salespeople,sname,Name
4698030,student,f_contact_no,Contact
4698026,student,f_name,Name
4698031,student,gender,Category
4698027,student,m_name,Name
4698025,student,s_name,Name
4696228,productimages,img_path,URL
4696256,tags,tag_name,Category
4695825,role,name,Name
4694848,acl_object_identity,object_id_identity,Identifier
4903462,authorities,authority,Name
4796653,authorities,authority,Name
4903461,authorities,username,Name
4796652,authorities,username,Name
4694867,contacts,contact_name,Name
4694868,contacts,email,Email
4694858,group_authorities,authority,Category
4694860,group_members,username,Name
4694856,groups,group_name,Category
4903463,message,created,DateTime
4796654,message,created,DateTime
4796655,message,summary,FullText
4903464,message,summary,FullText
4903465,message,text,FullText
4796656,message,text,FullText
4783336,user,email,Contact
4903467,user,email,Contact
4903469,user,firstname,Name
4783338,user,firstname,Name
4903470,user,lastname,Name
4783339,user,lastname,Name
4783337,user,password,Name
4903468,user,password,Name
4694853,users,credentials,Identifier
4694852,users,principal,Name
4694825,accounts,name,Name
4694828,projects,name,Name
4694832,stories,name,Name
4694822,users,name,Name
4694804,sec_role,rolename,Identifier
4694800,sec_user,email,Contact
4694801,sec_user,encryptedpassword,Identifier
4694531,`announcements`,course_id,Identifier
4694530,`announcements`,id,Identifier
4694533,`announcements`,message,FullText
4694532,`announcements`,title,FullText
4694521,`classes`,course_id,Identifier
4694524,`classes`,description,FullText
4694520,`classes`,id,Identifier
4694523,`classes`,title,Name
4694508,`courses`,`code`,Identifier
4694511,`courses`,`description`,FullText
4694507,`courses`,`id`,Identifier
4694516,`courses`,`keywords`,Category
4694510,`courses`,`name`,Name
4694515,`courses`,`teacher_id`,Identifier
4694518,`registrations`,course_id,Identifier
4694519,`registrations`,user_id,Identifier
4694527,`submissions`,class_id,Identifier
4694528,`submissions`,file_name,Identifier
4694526,`submissions`,user_id,Identifier
4694534,`unread_announcements`,announcement_id,Identifier
4694535,`unread_announcements`,user_id,Identifier
4694503,users,code,Identifier
4694502,users,id,Identifier
4694504,users,name,Name
4694500,network,current_state,Category
4694499,network,foreign_address,Location
4694498,network,local_address,Location
4694497,network,protocol,Category
4694492,task,image_name,FullText
4694494,task,session_name,FullText
4693973,jeecg_order_customer,create_by,Name
4693966,jeecg_order_customer,id,Identifier
4693969,jeecg_order_customer,idcard,Identifier
4693967,jeecg_order_customer,name,Name
4693972,jeecg_order_customer,order_id,Identifier
4693968,jeecg_order_customer,sex,Category
4693971,jeecg_order_customer,telphone,Contact
4693975,jeecg_order_customer,update_by,Name
4693991,jeecg_order_ticket,create_by,Name
4693987,jeecg_order_ticket,id,Identifier
4693990,jeecg_order_ticket,order_id,Identifier
4693988,jeecg_order_ticket,ticket_code,Category
4693993,jeecg_order_ticket,update_by,Name
4694175,sys_dict_item,create_by,Name
4694172,sys_dict_item,description,Category
4694169,sys_dict_item,dict_id,Identifier
4694168,sys_dict_item,id,Identifier
4694170,sys_dict_item,item_text,Category
4694171,sys_dict_item,item_value,Category
4694177,sys_dict_item,update_by,Name
4694198,sys_permission,url,URL
4694242,sys_role,id,Identifier
4694244,sys_role,role_code,Identifier
4694276,sys_sms_template,create_by,Name
4694269,sys_sms_template,id,Identifier
4694271,sys_sms_template,template_code,Identifier
4694273,sys_sms_template,template_content,FullText
4694270,sys_sms_template,template_name,Name
4694274,sys_sms_template,template_test_json,Semistructured
4694272,sys_sms_template,template_type,Numeric
4694278,sys_sms_template,update_by,Name
4694279,sys_user,id,Identifier
4901238,fukui--mihama-kana--mihama,calendar_date,DateTime
4901253,fukui--mikuni-kana--mikuni,calendar_date,DateTime
4901268,fukui--miyama-kana--miyama,calendar_date,DateTime
4901283,fukui--mountain-taylora--taylayama----1981-11-04,calendar_date,DateTime
4901298,fukui--obama-kana--obama,calendar_date,DateTime
4901313,fukui--ohno-kana--ohno,calendar_date,DateTime
4901328,fukui--oihi-kana--oyi,calendar_date,DateTime
4901343,fukui--tsuruga-katakana--turgha,calendar_date,DateTime
4901358,fukuoka--airport-kita-cho-kana--kuokou-kitamachi,calendar_date,DateTime
4901373,fukuoka--asakura-kana--asakura,calendar_date,DateTime
4901388,fukuoka--dazaifu-kana--dasaif,calendar_date,DateTime
4901403,fukuoka--hakata-kana--hakata,calendar_date,DateTime
4901418,fukuoka--higashitani-kana--higashitani,calendar_date,DateTime
4901433,fukuoka--hikoshiyama-kana--hikosan,calendar_date,DateTime
4901448,fukuoka--iizuka-kana--ikka,calendar_date,DateTime
4901463,fukuoka--koji-sueda--soeda,calendar_date,DateTime
4901478,fukuoka--kuroki-kana--kuroigi,calendar_date,DateTime
4901493,fukuoka--kurume-kana--kurume,calendar_date,DateTime
4901508,fukuoka--maehara-kana--maebaru,calendar_date,DateTime
4901523,fukuoka--mt-kuzukuyama-kana--kusembuyama----2010-03-02,calendar_date,DateTime
4901538,fukuoka--mt-mt-tanabe--minowansan,calendar_date,DateTime
4901553,fukuoka--munakata-kana--munakata,calendar_date,DateTime
4901568,fukuoka--omuta-kana--ohuta,calendar_date,DateTime
4901583,fukuoka--sasaguri-kana--sasaburi----2009-11-20,calendar_date,DateTime
4901598,fukuoka--sayara-wakayama-kana--sawarawakiyama,calendar_date,DateTime
4901613,fukuoka--sone-kana--sone----2006-03-15,calendar_date,DateTime
4901628,fukuoka--takayuki-kana--kagomekoyoshi----2012-02-15,calendar_date,DateTime
4901643,fukuoka--yanagawa-kana--yanagawa,calendar_date,DateTime
4901658,fukuoka--yukuhashi-kana--yukuhashi,calendar_date,DateTime
4901673,fukushima--asakusa-dake-kana--asakusadake----1977-10-14,calendar_date,DateTime
4901688,fukushima--azumayama-kana--azumayama----2009-11-02,calendar_date,DateTime
4901703,fukushima--hakuba-masaruyama-kana--shiraumaishiyama----1981-10-26,calendar_date,DateTime
4901718,fukushima--hibara-kana--librera,calendar_date,DateTime
4901733,fukushima--higashi-shirakawa-kana--higashi-silakawa,calendar_date,DateTime
4901748,fukushima--hinoki-kana--hinoemata,calendar_date,DateTime
4901763,fukushima--hirakana--tyra,calendar_date,DateTime
4901778,fukushima--hirono-kana--hiroono,calendar_date,DateTime
4899586,jobs-in-data,company_location,Location
4899587,jobs-in-data,company_size,Category
4899582,jobs-in-data,employee_residence,Location
4899584,jobs-in-data,employment_type,Category
4899583,jobs-in-data,experience_level,Category
4899578,jobs-in-data,job_category,Category
4899577,jobs-in-data,job_title,Name
4899579,jobs-in-data,salary_currency,Category
4899585,jobs-in-data,work_setting,Category
4898896,epi-r,title,FullText
4898887,ma-lga-12345,saledate,DateTime
4898889,ma-lga-12345,type,Category
4898891,raw-sales,datesold,DateTime
4898894,raw-sales,propertyType,Category
4898881,articles,author,Name
4898882,articles,claps,Numeric
4898884,articles,link,URL
4898886,articles,text,FullText
4898885,articles,title,FullText
4898880,mfg10yearterminationdata,BUSINESS_UNIT,Category
4898879,mfg10yearterminationdata,STATUS,Category
4898865,mfg10yearterminationdata,birthdate_key,DateTime
4898870,mfg10yearterminationdata,city_name,Location
4898871,mfg10yearterminationdata,department_name,Name
4898875,mfg10yearterminationdata,gender_full,Category
4898874,mfg10yearterminationdata,gender_short,Category
4898872,mfg10yearterminationdata,job_title,Name
4898866,mfg10yearterminationdata,orighiredate_key,DateTime
4898864,mfg10yearterminationdata,recorddate_key,DateTime
4898867,mfg10yearterminationdata,terminationdate_key,DateTime
4898876,mfg10yearterminationdata,termreason_desc,Category
4898877,mfg10yearterminationdata,termtype_desc,Category
4898862,mfgemployees4,BusinessUnit,Category
4898854,mfgemployees4,City,Location
4898856,mfgemployees4,DepartmentName,Category
4898858,mfgemployees4,Division,Category
4898853,mfgemployees4,Gender,Boolean
4898852,mfgemployees4,GivenName,Name
4898855,mfgemployees4,JobTitle,Name
4898857,mfgemployees4,StoreLocation,Location
4898851,mfgemployees4,Surname,Name
4898821,bakery-price,Name,Name
4898822,bakery-price,price,Numeric
4898823,bakery-sales,datetime,DateTime
4898824,bakery-sales,day of week,Category
4898826,bakery-sales,place,Location
4898806,student-depression-dataset,City,Location
4898815,student-depression-dataset,Degree,Category
4898814,student-depression-dataset,Dietary Habits,Category
4898819,student-depression-dataset,Family History of Mental Illness,Boolean
4898804,student-depression-dataset,Gender,Category
4898816,student-depression-dataset,Have you ever had suicidal thoughts ?,Boolean
4898807,student-depression-dataset,Profession,Category
4898813,student-depression-dataset,Sleep Duration,Category
4898791,2017-07-bme280sof,timestamp,DateTime
4898800,2017-07-sds011sof,timestamp,DateTime
4898776,london-merged,timestamp,DateTime
4898773,price-paid-records,County,Location
4898767,price-paid-records,Date of Transfer,DateTime
4898772,price-paid-records,District,Location
4898770,price-paid-records,Duration,Category
4898769,price-paid-records,Old/New,Boolean
4898774,price-paid-records,PPDCategory Type,Category
4898768,price-paid-records,Property Type,Category
4898775,price-paid-records,Record Status - monthly file only,Category
4898771,price-paid-records,Town/City,Location
4898765,price-paid-records,Transaction unique identifier,Identifier
4897802,aartiind--eq--nse--nse--minute,timestamp,DateTime
4897808,abcapital--eq--nse--nse--minute,timestamp,DateTime
4897814,abfrl--eq--nse--nse--minute,timestamp,DateTime
4897820,adanient--eq--nse--nse--minute,timestamp,DateTime
4897826,adanigas--eq--nse--nse--minute,timestamp,DateTime
4897832,adaniports--eq--nse--nse--minute,timestamp,DateTime
4897838,ajantpharm--eq--nse--nse--minute,timestamp,DateTime
4897844,amarajabat--eq--nse--nse--minute,timestamp,DateTime
4897850,aplltd--eq--nse--nse--minute,timestamp,DateTime
4897856,apollohosp--eq--nse--nse--minute,timestamp,DateTime
4897862,apollotyre--eq--nse--nse--minute,timestamp,DateTime
4897868,ashokley--eq--nse--nse--minute,timestamp,DateTime
4897874,asianpaint--eq--nse--nse--minute,timestamp,DateTime
4897880,aubank--eq--nse--nse--minute,timestamp,DateTime
4897886,axisbank--eq--nse--nse--minute,timestamp,DateTime
4897892,bajaj-auto--eq--nse--nse--minute,timestamp,DateTime
4897898,bajajfinsv--eq--nse--nse--minute,timestamp,DateTime
4897904,bajfinance--eq--nse--nse--minute,timestamp,DateTime
4897910,balkrisind--eq--nse--nse--minute,timestamp,DateTime
4897916,bankindia--eq--nse--nse--minute,timestamp,DateTime
4897922,bataindia--eq--nse--nse--minute,timestamp,DateTime
4897928,bbtc--eq--nse--nse--minute,timestamp,DateTime
4897934,bel--eq--nse--nse--minute,timestamp,DateTime
4897940,bharatforg--eq--nse--nse--minute,timestamp,DateTime
4897946,bhartiartl--eq--nse--nse--minute,timestamp,DateTime
4897952,bhel--eq--nse--nse--minute,timestamp,DateTime
4897958,bpcl--eq--nse--nse--minute,timestamp,DateTime
4897964,britannia--eq--nse--nse--minute,timestamp,DateTime
4897970,canbk--eq--nse--nse--minute,timestamp,DateTime
4897976,castrolind--eq--nse--nse--minute,timestamp,DateTime
4897982,cesc--eq--nse--nse--minute,timestamp,DateTime
4897988,cholafin--eq--nse--nse--minute,timestamp,DateTime
4897994,cipla--eq--nse--nse--minute,timestamp,DateTime
4898000,coalindia--eq--nse--nse--minute,timestamp,DateTime
4898006,coforge--eq--nse--nse--minute,timestamp,DateTime
4898012,coromandel--eq--nse--nse--minute,timestamp,DateTime
4898018,crompton--eq--nse--nse--minute,timestamp,DateTime
4898024,cub--eq--nse--nse--minute,timestamp,DateTime
4898030,cumminsind--eq--nse--nse--minute,timestamp,DateTime
4898036,dalbharat--eq--nse--nse--minute,timestamp,DateTime
4898042,dhani--eq--nse--nse--minute,timestamp,DateTime
4898048,divislab--eq--nse--nse--minute,timestamp,DateTime
4898054,drreddy--eq--nse--nse--minute,timestamp,DateTime
4898060,edelweiss--eq--nse--nse--minute,timestamp,DateTime
4898066,eichermot--eq--nse--nse--minute,timestamp,DateTime
4898072,emamiltd--eq--nse--nse--minute,timestamp,DateTime
4898078,endurance--eq--nse--nse--minute,timestamp,DateTime
4898084,escorts--eq--nse--nse--minute,timestamp,DateTime
4898090,exideind--eq--nse--nse--minute,timestamp,DateTime
4898096,federalbnk--eq--nse--nse--minute,timestamp,DateTime
4898102,fortis--eq--nse--nse--minute,timestamp,DateTime
4898108,fretail--eq--nse--nse--minute,timestamp,DateTime
4898114,gail--eq--nse--nse--minute,timestamp,DateTime
4898120,glenmark--eq--nse--nse--minute,timestamp,DateTime
4898126,gmrinfra--eq--nse--nse--minute,timestamp,DateTime
4898132,godrejagro--eq--nse--nse--minute,timestamp,DateTime
4898138,godrejind--eq--nse--nse--minute,timestamp,DateTime
4898144,godrejprop--eq--nse--nse--minute,timestamp,DateTime
4898150,grasim--eq--nse--nse--minute,timestamp,DateTime
4898156,gspl--eq--nse--nse--minute,timestamp,DateTime
4898162,gujgasltd--eq--nse--nse--minute,timestamp,DateTime
4898168,hcltech--eq--nse--nse--minute,timestamp,DateTime
4898174,hdfc--eq--nse--nse--minute,timestamp,DateTime
4898180,hdfcbank--eq--nse--nse--minute,timestamp,DateTime
4898186,hdfclife--eq--nse--nse--minute,timestamp,DateTime
4898192,heromotoco--eq--nse--nse--minute,timestamp,DateTime
4898198,hindalco--eq--nse--nse--minute,timestamp,DateTime
4898204,hindunilvr--eq--nse--nse--minute,timestamp,DateTime
4898210,hudco--eq--nse--nse--minute,timestamp,DateTime
4898216,ibulhsgfin--eq--nse--nse--minute,timestamp,DateTime
4898222,icicibank--eq--nse--nse--minute,timestamp,DateTime
4898228,idea--eq--nse--nse--minute,timestamp,DateTime
4898234,idfcfirstb--eq--nse--nse--minute,timestamp,DateTime
4898240,indhotel--eq--nse--nse--minute,timestamp,DateTime
4898246,indusindbk--eq--nse--nse--minute,timestamp,DateTime
4898252,infy--eq--nse--nse--minute,timestamp,DateTime
4898258,ioc--eq--nse--nse--minute,timestamp,DateTime
4898264,ipcalab--eq--nse--nse--minute,timestamp,DateTime
4898270,irctc--eq--nse--nse--minute,timestamp,DateTime
4898276,isec--eq--nse--nse--minute,timestamp,DateTime
4898282,itc--eq--nse--nse--minute,timestamp,DateTime
4898288,jindalstel--eq--nse--nse--minute,timestamp,DateTime
4898294,jswenergy--eq--nse--nse--minute,timestamp,DateTime
4898300,jswsteel--eq--nse--nse--minute,timestamp,DateTime
4898306,jublfood--eq--nse--nse--minute,timestamp,DateTime
4898312,kotakbank--eq--nse--nse--minute,timestamp,DateTime
4898318,l-tfh--eq--nse--nse--minute,timestamp,DateTime
4898324,lalpathlab--eq--nse--nse--minute,timestamp,DateTime
4898330,lichsgfin--eq--nse--nse--minute,timestamp,DateTime
4898336,lt--eq--nse--nse--minute,timestamp,DateTime
4898342,ltts--eq--nse--nse--minute,timestamp,DateTime
4898348,m-m--eq--nse--nse--minute,timestamp,DateTime
4898354,m-mfin--eq--nse--nse--minute,timestamp,DateTime
4898360,manappuram--eq--nse--nse--minute,timestamp,DateTime
4898366,maruti--eq--nse--nse--minute,timestamp,DateTime
4898377,master,data_type,Category
4898376,master,exchange,Identifier
4898379,master,from,DateTime
4898374,master,instrument_type,Category
4898378,master,key,Identifier
4898373,master,name,Name
4898375,master,segment,Category
4898380,master,to,DateTime
4898372,master,tradingsymbol,Name
4898381,mfsl--eq--nse--nse--minute,timestamp,DateTime
4898387,mgl--eq--nse--nse--minute,timestamp,DateTime
4898393,mindtree--eq--nse--nse--minute,timestamp,DateTime
4898399,mphasis--eq--nse--nse--minute,timestamp,DateTime
4898405,mrf--eq--nse--nse--minute,timestamp,DateTime
4898411,nam-india--eq--nse--nse--minute,timestamp,DateTime
4898417,natcopharm--eq--nse--nse--minute,timestamp,DateTime
4898423,nationalum--eq--nse--nse--minute,timestamp,DateTime
4898429,navinfluor--eq--nse--nse--minute,timestamp,DateTime
4898435,nestleind--eq--nse--nse--minute,timestamp,DateTime
4898441,nifty-100--eq--indices--nse--minute,timestamp,DateTime
4898447,nifty-50--eq--indices--nse--minute,timestamp,DateTime
4898453,nifty-500--eq--indices--nse--minute,timestamp,DateTime
4898459,nifty-auto--eq--indices--nse--minute,timestamp,DateTime
4898465,nifty-bank--eq--indices--nse--minute,timestamp,DateTime
4898471,nifty-commodities--eq--indices--nse--minute,timestamp,DateTime
4898477,nifty-energy--eq--indices--nse--minute,timestamp,DateTime
